dialogue_id,gap_id,selected_turn,ranked_turns,supporting_footprints
DG7D288DA2B858,G1,T24,"[""T24"", ""T18"", ""T17"", ""T0"", ""T12""]","[""F21"", ""F9"", ""F22"", ""F28"", ""F26"", ""F13"", ""F31"", ""F35"", ""F10"", ""F18"", ""F24"", ""F19"", ""F32"", ""F7""]"
DG7D288DA2B858,G0,T17,"[""T17"", ""T24"", ""T9"", ""T12"", ""T16""]","[""F25"", ""F31"", ""F35"", ""F17"", ""F10"", ""F18"", ""F24"", ""F16""]"
DG7D288DA2B858,G2,T9,"[""T9"", ""T24"", ""T17"", ""T16"", ""T1""]","[""F9"", ""F33"", ""F2"", ""F31"", ""F35"", ""F17"", ""F10"", ""F24"", ""F12"", ""F3"", ""F16""]"
DG7E703388C7B7,G1,T3,"[""T3"", ""T1"", ""T2"", ""T14"", ""T11""]",[]
DG7E703388C7B7,G0,T1,"[""T1"", ""T3"", ""T11"", ""T4"", ""T2""]",[]
DGF946543C32B2,G1,T3,"[""T3"", ""T9"", ""T13"", ""T14"", ""T11""]","[""F10"", ""F2"", ""F11"", ""F15"", ""F13"", ""F26"", ""F28"", ""F1"", ""F20"", ""F22"", ""F35"", ""F23"", ""F17""]"
DGF946543C32B2,G0,T9,"[""T9"", ""T3"", ""T13"", ""T14"", ""T6""]","[""F2"", ""F11"", ""F13"", ""F26"", ""F28"", ""F20"", ""F22"", ""F35"", ""F17""]"
DG64217D7693EF,G0,T4,"[""T4"", ""T7"", ""T10"", ""T2"", ""T0""]","[""F2"", ""F17"", ""F13""]"
DGA151AC027472,G0,T13,"[""T13"", ""T0"", ""T18"", ""T6"", ""T7""]","[""F2"", ""F20"", ""F15"", ""F16"", ""F3"", ""F17""]"
DGA151AC027472,G1,T0,"[""T0"", ""T13"", ""T6"", ""T19"", ""T9""]","[""F11""]"
DGED79AE68E41A,G0,T7,"[""T7"", ""T15"", ""T0"", ""T17"", ""T8""]",[]
DGBEB518C05B12,G1,T18,"[""T18"", ""T2"", ""T5"", ""T7"", ""T17""]","[""F27"", ""F16"", ""F21"", ""F26"", ""F9"", ""F4"", ""F30"", ""F29""]"
DGBEB518C05B12,G0,T2,"[""T2"", ""T18"", ""T5"", ""T6"", ""T12""]","[""F4"", ""F29""]"
DG61825ABE094F,G1,T14,"[""T14"", ""T1"", ""T9"", ""T0"", ""T8""]",[]
DG61825ABE094F,G0,T1,"[""T1"", ""T14"", ""T9"", ""T0"", ""T8""]","[""F26"", ""F7"", ""F27"", ""F2"", ""F11"", ""F12"", ""F4""]"
DG546B1203E52D,G2,T18,"[""T18"", ""T12"", ""T17"", ""T9"", ""T20""]",[]
DG546B1203E52D,G1,T12,"[""T12"", ""T17"", ""T9"", ""T20"", ""T4""]","[""F25"", ""F15"", ""F22"", ""F3"", ""F21"", ""F32""]"
DG546B1203E52D,G0,T17,"[""T17"", ""T12"", ""T9"", ""T20"", ""T18""]",[]
DG20BA64E4B478,G1,T1,"[""T1"", ""T15"", ""T14"", ""T13"", ""T7""]","[""F24"", ""F25"", ""F3"", ""F11"", ""F15""]"
DG20BA64E4B478,G0,T15,"[""T15"", ""T14"", ""T2"", ""T4"", ""T7""]","[""F25"", ""F3"", ""F11""]"
DG066234E0FACB,G2,T23,"[""T23"", ""T3"", ""T15"", ""T16"", ""T7""]","[""F2""]"
DG066234E0FACB,G0,T15,"[""T15"", ""T23"", ""T3"", ""T7"", ""T13""]","[""F5"", ""F21"", ""F23"", ""F2"", ""F15""]"
DG066234E0FACB,G1,T3,"[""T3"", ""T23"", ""T15"", ""T13"", ""T7""]","[""F8"", ""F23"", ""F29"", ""F3"", ""F2"", ""F26"", ""F7"", ""F24"", ""F28"", ""F11""]"
DGD7E3B0D084AD,G0,T15,"[""T15"", ""T16"", ""T17"", ""T7"", ""T5""]","[""F11"", ""F27""]"
DGD7E3B0D084AD,G1,T16,"[""T16"", ""T15"", ""T13"", ""T9"", ""T4""]","[""F1"", ""F11"", ""F25"", ""F27"", ""F18""]"
DG3FA4CFA8FFFF,G0,T0,"[""T0"", ""T3"", ""T2"", ""T1"", ""T14""]","[""F16"", ""F13"", ""F14"", ""F0"", ""F20""]"
DG81FD6B4114C5,G1,T4,"[""T4"", ""T0"", ""T10"", ""T1"", ""T12""]","[""F24"", ""F25"", ""F4"", ""F14"", ""F23""]"
DG81FD6B4114C5,G0,T0,"[""T0"", ""T4"", ""T16"", ""T7"", ""T11""]","[""F8"", ""F11"", ""F19"", ""F12""]"
DG0C67DF3FB70A,G0,T3,"[""T3"", ""T5"", ""T7"", ""T18"", ""T11""]","[""F8"", ""F5"", ""F1"", ""F13"", ""F15"", ""F10"", ""F3""]"
DG0C67DF3FB70A,G1,T7,"[""T7"", ""T3"", ""T5"", ""T18"", ""T1""]","[""F20"", ""F16"", ""F5"", ""F1"", ""F15"", ""F10"", ""F3""]"
DG142ADD242621,G0,T1,"[""T1"", ""T18"", ""T14"", ""T16"", ""T11""]","[""F21"", ""F9"", ""F20"", ""F5"", ""F11"", ""F15"", ""F4""]"
DG142ADD242621,G1,T5,"[""T5"", ""T1"", ""T18"", ""T14"", ""T21""]","[""F9"", ""F17"", ""F14"", ""F5"", ""F2"", ""F11""]"
DGCF10D4819E2F,G0,T3,"[""T3"", ""T7"", ""T4"", ""T1"", ""T8""]","[""F2"", ""F14"", ""F17"", ""F7"", ""F15""]"
DG457CC41B5FDE,G1,T4,"[""T4"", ""T17"", ""T20"", ""T0"", ""T18""]","[""F4"", ""F9"", ""F19"", ""F7"", ""F22"", ""F5"", ""F1"", ""F15""]"
DG457CC41B5FDE,G0,T11,"[""T11"", ""T17"", ""T4"", ""T20"", ""T5""]","[""F8"", ""F16"", ""F12"", ""F23"", ""F17"", ""F10""]"
DG06D7512CB486,G0,T0,"[""T0"", ""T4"", ""T10"", ""T3"", ""T6""]","[""F20"", ""F12"", ""F7"", ""F8""]"
DGD7742700B8F5,G1,T12,"[""T12"", ""T11"", ""T10"", ""T6"", ""T8""]","[""F28"", ""F14"", ""F6"", ""F5"", ""F19"", ""F25""]"
DGD7742700B8F5,G0,T11,"[""T11"", ""T12"", ""T10"", ""T8"", ""T6""]","[""F0"", ""F31"", ""F16"", ""F17"", ""F11"", ""F15"", ""F33"", ""F13"", ""F30""]"
DG9F8BEBAE4992,G0,T3,"[""T3"", ""T1"", ""T0"", ""T11"", ""T2""]","[""F24"", ""F6"", ""F13"", ""F25"", ""F2"", ""F15"", ""F27"", ""F3"", ""F28"", ""F1"", ""F19""]"
DG9F8BEBAE4992,G1,T1,"[""T1"", ""T3"", ""T11"", ""T0"", ""T2""]","[""F24"", ""F6"", ""F25"", ""F2"", ""F27"", ""F28"", ""F19""]"
DGB97B134B8E6E,G1,T11,"[""T11"", ""T18"", ""T13"", ""T16"", ""T15""]","[""F15"", ""F20""]"
DGB97B134B8E6E,G0,T18,"[""T18"", ""T11"", ""T16"", ""T19"", ""T4""]","[""F7"", ""F19"", ""F9"", ""F17"", ""F26""]"
DGB8D5A065046F,G1,T0,"[""T0"", ""T4"", ""T2"", ""T6"", ""T19""]","[""F17"", ""F29"", ""F7""]"
DGB8D5A065046F,G0,T4,"[""T4"", ""T0"", ""T2"", ""T6"", ""T19""]","[""F20"", ""F10"", ""F21"", ""F17"", ""F29"", ""F7""]"
DG0325947FE20E,G0,T6,"[""T6"", ""T17"", ""T8"", ""T18"", ""T7""]",[]
DG0325947FE20E,G1,T17,"[""T17"", ""T8"", ""T6"", ""T4"", ""T18""]","[""F15"", ""F1"", ""F19"", ""F7""]"
DGD9BD6C264842,G1,T11,"[""T11"", ""T9"", ""T2"", ""T10"", ""T8""]","[""F0"", ""F17"", ""F18"", ""F15"", ""F26""]"
DGD9BD6C264842,G0,T9,"[""T9"", ""T11"", ""T2"", ""T10"", ""T8""]",[]
DG458A19C0CB27,G0,T0,"[""T0"", ""T11"", ""T5"", ""T2"", ""T7""]","[""F11"", ""F15"", ""F2"", ""F3"", ""F1"", ""F5"", ""F10""]"
DG95643BAF27D2,G0,T20,"[""T20"", ""T13"", ""T27"", ""T8"", ""T15""]","[""F13"", ""F20"", ""F21"", ""F32"", ""F26"", ""F7"", ""F15"", ""F28"", ""F9"", ""F6"", ""F37""]"
DG95643BAF27D2,G1,T23,"[""T23"", ""T20"", ""T4"", ""T7"", ""T10""]","[""F13"", ""F34"", ""F20"", ""F25"", ""F32"", ""F26"", ""F11"", ""F4"", ""F7"", ""F15"", ""F28"", ""F9""]"
DG95643BAF27D2,G2,T4,"[""T4"", ""T23"", ""T20"", ""T16"", ""T22""]","[""F31"", ""F13"", ""F34"", ""F20"", ""F21"", ""F32"", ""F11"", ""F7"", ""F15"", ""F14"", ""F28"", ""F9"", ""F37"", ""F30""]"
DGB272D2F87F41,G1,T9,"[""T9"", ""T13"", ""T1"", ""T18"", ""T10""]","[""F18"", ""F23"", ""F0""]"
DGB272D2F87F41,G0,T13,"[""T13"", ""T9"", ""T1"", ""T11"", ""T16""]","[""F4"", ""F22"", ""F23""]"
DG37A00E609C1B,G0,T9,"[""T9"", ""T2"", ""T8"", ""T3"", ""T11""]","[""F15"", ""F9"", ""F8"", ""F0"", ""F12""]"
DG37A00E609C1B,G1,T18,"[""T18"", ""T9"", ""T16"", ""T2"", ""T3""]","[""F18"", ""F4"", ""F1"", ""F13"", ""F3"", ""F16"", ""F17"", ""F10""]"
DG9D6393748858,G1,T15,"[""T15"", ""T0"", ""T13"", ""T6"", ""T1""]","[""F31"", ""F36"", ""F24"", ""F35"", ""F1"", ""F14"", ""F4"", ""F29"", ""F3"", ""F34"", ""F11"", ""F16"", ""F20""]"
DG9D6393748858,G0,T0,"[""T0"", ""T15"", ""T1"", ""T13"", ""T6""]","[""F31"", ""F36"", ""F25"", ""F24"", ""F35"", ""F1"", ""F14"", ""F3"", ""F27"", ""F13"", ""F34"", ""F10"", ""F16""]"
DG7D27B07B1145,G0,T17,"[""T17"", ""T1"", ""T8"", ""T6"", ""T21""]","[""F11"", ""F6"", ""F18"", ""F7""]"
DG7D27B07B1145,G2,T1,"[""T1"", ""T17"", ""T20"", ""T0"", ""T8""]","[""F19"", ""F24"", ""F14"", ""F27"", ""F11"", ""F8"", ""F18"", ""F7"", ""F13""]"
DG7D27B07B1145,G1,T26,"[""T26"", ""T1"", ""T20"", ""T5"", ""T0""]",[]
DG508382B8D41B,G1,T11,"[""T11"", ""T2"", ""T9"", ""T8"", ""T4""]","[""F23""]"
DG508382B8D41B,G0,T2,"[""T2"", ""T11"", ""T19"", ""T8"", ""T9""]",[]
DG508382B8D41B,G2,T5,"[""T5"", ""T11"", ""T2"", ""T17"", ""T9""]","[""F6"", ""F23"", ""F28"", ""F29"", ""F2"", ""F26""]"
DG890DD4781B5D,G0,T3,"[""T3"", ""T5"", ""T1"", ""T17"", ""T9""]","[""F10""]"
DG890DD4781B5D,G1,T12,"[""T12"", ""T3"", ""T8"", ""T10"", ""T0""]","[""F18"", ""F10"", ""F14"", ""F6"", ""F12"", ""F17"", ""F11""]"
DG95973D2D136B,G0,T8,"[""T8"", ""T23"", ""T24"", ""T26"", ""T3""]","[""F17"", ""F0"", ""F11"", ""F9"", ""F8"", ""F16"", ""F33"", ""F1"", ""F30"", ""F24"", ""F32""]"
DG95973D2D136B,G1,T23,"[""T23"", ""T24"", ""T13"", ""T8"", ""T17""]","[""F13"", ""F21"", ""F9"", ""F8"", ""F16"", ""F23"", ""F33"", ""F30""]"
DG95973D2D136B,G2,T24,"[""T24"", ""T23"", ""T16"", ""T25"", ""T21""]","[""F17"", ""F4"", ""F31""]"
DG3160C1BAA20F,G1,T8,"[""T8"", ""T9"", ""T21"", ""T23"", ""T19""]","[""F6"", ""F11"", ""F8"", ""F2"", ""F25"", ""F18"", ""F27"", ""F13""]"
DG3160C1BAA20F,G0,T24,"[""T24"", ""T8"", ""T9"", ""T6"", ""T15""]","[""F6"", ""F17"", ""F2"", ""F14"", ""F22"", ""F19"", ""F21"", ""F10""]"
DG3160C1BAA20F,G2,T9,"[""T9"", ""T8"", ""T20"", ""T23"", ""T5""]","[""F6"", ""F28"", ""F2"", ""F25""]"
DG2E9E35DCA106,G1,T5,"[""T5"", ""T13"", ""T19"", ""T1"", ""T18""]","[""F0"", ""F11"", ""F15"", ""F23"", ""F16""]"
DG2E9E35DCA106,G0,T18,"[""T18"", ""T5"", ""T13"", ""T19"", ""T1""]","[""F1""]"
DG2E9E35DCA106,G2,T13,"[""T13"", ""T5"", ""T21"", ""T19"", ""T15""]",[]
DG60368AA79C44,G0,T16,"[""T16"", ""T13"", ""T2"", ""T3"", ""T7""]","[""F15"", ""F24"", ""F20"", ""F5"", ""F18"", ""F13""]"
DG60368AA79C44,G1,T0,"[""T0"", ""T16"", ""T3"", ""T8"", ""T2""]","[""F8"", ""F23"", ""F22"", ""F25"", ""F26"", ""F4""]"
DGCAF2378E03AA,G1,T19,"[""T19"", ""T1"", ""T10"", ""T4"", ""T6""]","[""F2"", ""F19"", ""F25"", ""F8""]"
DGCAF2378E03AA,G0,T1,"[""T1"", ""T19"", ""T4"", ""T10"", ""T6""]","[""F7""]"
DGCAF2378E03AA,G2,T10,"[""T10"", ""T19"", ""T4"", ""T1"", ""T3""]","[""F21"", ""F30"", ""F28"", ""F11"", ""F16"", ""F31""]"
DGEB843BFBB598,G0,T6,"[""T6"", ""T16"", ""T8"", ""T26"", ""T13""]","[""F16"", ""F22"", ""F20""]"
DGEB843BFBB598,G2,T26,"[""T26"", ""T6"", ""T8"", ""T7"", ""T1""]","[""F35"", ""F22"", ""F26"", ""F34"", ""F21""]"
DGEB843BFBB598,G1,T25,"[""T25"", ""T8"", ""T1"", ""T23"", ""T14""]","[""F33"", ""F35"", ""F9"", ""F28"", ""F29"", ""F25"", ""F2"", ""F19"", ""F4"", ""F5"", ""F12"", ""F30"", ""F0"", ""F39"", ""F1""]"
DGFA673992D1AB,G1,T18,"[""T18"", ""T12"", ""T6"", ""T7"", ""T0""]","[""F23"", ""F15"", ""F3"", ""F7"", ""F10""]"
DGFA673992D1AB,G0,T12,"[""T12"", ""T6"", ""T18"", ""T0"", ""T14""]","[""F23"", ""F12"", ""F15"", ""F3"", ""F17"", ""F10"", ""F18""]"
DGF5B62A0EFEBF,G0,T14,"[""T14"", ""T4"", ""T10"", ""T15"", ""T12""]","[""F12"", ""F25""]"
DGB1C0C2D97A51,G0,T11,"[""T11"", ""T12"", ""T15"", ""T2"", ""T4""]","[""F16"", ""F14"", ""F13"", ""F11"", ""F7"", ""F1""]"
DG8E59F6D5682D,G0,T1,"[""T1"", ""T21"", ""T3"", ""T10"", ""T14""]","[""F1"", ""F2"", ""F15"", ""F7"", ""F5"", ""F29""]"
DG8E59F6D5682D,G1,T3,"[""T3"", ""T1"", ""T21"", ""T10"", ""T12""]","[""F1"", ""F2"", ""F15"", ""F7"", ""F29""]"
DGD0B74C3C638B,G1,T17,"[""T17"", ""T6"", ""T10"", ""T5"", ""T8""]","[""F9""]"
DGD0B74C3C638B,G0,T3,"[""T3"", ""T17"", ""T1"", ""T11"", ""T10""]","[""F19"", ""F6"", ""F18"", ""F22"", ""F2""]"
DGB325FD3181AF,G0,T12,"[""T12"", ""T3"", ""T14"", ""T11"", ""T2""]","[""F3"", ""F17"", ""F11"", ""F35"", ""F2""]"
DGB325FD3181AF,G2,T14,"[""T14"", ""T3"", ""T12"", ""T9"", ""T18""]","[""F18"", ""F28"", ""F30"", ""F29"", ""F21"", ""F10"", ""F12"", ""F24"", ""F9"", ""F1"", ""F32""]"
DGB325FD3181AF,G1,T3,"[""T3"", ""T8"", ""T14"", ""T9"", ""T12""]","[""F3"", ""F30"", ""F10"", ""F24"", ""F1"", ""F32""]"
DG12A237BB8CE0,G1,T4,"[""T4"", ""T22"", ""T18"", ""T12"", ""T15""]","[""F10"", ""F7"", ""F6"", ""F24"", ""F28"", ""F17"", ""F20"", ""F14"", ""F34"", ""F5"", ""F35"", ""F13"", ""F11""]"
DG12A237BB8CE0,G2,T18,"[""T18"", ""T22"", ""T12"", ""T4"", ""T15""]","[""F24"", ""F9"", ""F18""]"
DG12A237BB8CE0,G0,T22,"[""T22"", ""T4"", ""T12"", ""T18"", ""T15""]","[""F10"", ""F23"", ""F16"", ""F30"", ""F29"", ""F38"", ""F9"", ""F14"", ""F18"", ""F5"", ""F22"", ""F19"", ""F13""]"
DG25658CC467DE,G1,T3,"[""T3"", ""T7"", ""T0"", ""T5"", ""T2""]","[""F6"", ""F2"", ""F7""]"
DG25658CC467DE,G0,T9,"[""T9"", ""T3"", ""T13"", ""T7"", ""T10""]","[""F6"", ""F2"", ""F5"", ""F29"", ""F14""]"
DG52380248D3AC,G1,T13,"[""T13"", ""T17"", ""T6"", ""T14"", ""T18""]","[""F19"", ""F16"", ""F0"", ""F21""]"
DG52380248D3AC,G0,T17,"[""T17"", ""T13"", ""T1"", ""T14"", ""T15""]","[""F12""]"
DG1A982E908564,G1,T14,"[""T14"", ""T22"", ""T2"", ""T15"", ""T20""]","[""F13"", ""F20"", ""F3"", ""F11"", ""F5"", ""F9"", ""F16""]"
DG1A982E908564,G0,T22,"[""T22"", ""T14"", ""T1"", ""T21"", ""T9""]",[]
DG3A9118279A00,G1,T3,"[""T3"", ""T13"", ""T5"", ""T14"", ""T4""]","[""F14"", ""F0"", ""F2""]"
DG3A9118279A00,G0,T13,"[""T13"", ""T11"", ""T5"", ""T10"", ""T12""]",[]
DG1C2109C17E3C,G0,T2,"[""T2"", ""T9"", ""T11"", ""T0"", ""T8""]","[""F15"", ""F3"", ""F10"", ""F18"", ""F11""]"
DG4E1DD75A0FBA,G0,T2,"[""T2"", ""T3"", ""T7"", ""T11"", ""T16""]","[""F9"", ""F3"", ""F21"", ""F5"", ""F0""]"
DG4E1DD75A0FBA,G1,T0,"[""T0"", ""T10"", ""T12"", ""T11"", ""T5""]","[""F9"", ""F3"", ""F14"", ""F21"", ""F10"", ""F0""]"
DG1C2A11B26028,G1,T5,"[""T5"", ""T15"", ""T13"", ""T2"", ""T14""]","[""F4""]"
DG1C2A11B26028,G0,T2,"[""T2"", ""T5"", ""T1"", ""T14"", ""T12""]","[""F4"", ""F18"", ""F17"", ""F7"", ""F26"", ""F13"", ""F14""]"
DG8194740D0931,G0,T1,"[""T1"", ""T5"", ""T6"", ""T11"", ""T13""]","[""F17"", ""F23"", ""F20""]"
DGF60628A335C9,G0,T8,"[""T8"", ""T7"", ""T9"", ""T13"", ""T14""]","[""F5"", ""F6"", ""F18"", ""F3""]"
DG3802124D6763,G0,T12,"[""T12"", ""T4"", ""T10"", ""T11"", ""T17""]",[]
DGCF272B2E3871,G1,T10,"[""T10"", ""T2"", ""T5"", ""T14"", ""T0""]","[""F19"", ""F1"", ""F20"", ""F0"", ""F15""]"
DGCF272B2E3871,G0,T14,"[""T14"", ""T2"", ""T0"", ""T20"", ""T11""]",[]
DG3FF4B0FCDAB4,G2,T3,"[""T3"", ""T2"", ""T15"", ""T12"", ""T19""]","[""F22"", ""F0""]"
DG3FF4B0FCDAB4,G1,T15,"[""T15"", ""T3"", ""T12"", ""T2"", ""T21""]","[""F16"", ""F32"", ""F29"", ""F1"", ""F20"", ""F31"", ""F5"", ""F13"", ""F36"", ""F0"", ""F8"", ""F24""]"
DG3FF4B0FCDAB4,G0,T12,"[""T12"", ""T3"", ""T15"", ""T2"", ""T1""]","[""F1"", ""F22"", ""F31"", ""F0""]"
DGA809C44AB8F8,G0,T8,"[""T8"", ""T1"", ""T2"", ""T11"", ""T7""]","[""F16"", ""F11"", ""F3"", ""F26"", ""F4"", ""F19"", ""F20""]"
DG457B8BD81C34,G0,T0,"[""T0"", ""T6"", ""T12"", ""T14"", ""T13""]",[]
DG28F5D4D2FEFC,G1,T15,"[""T15"", ""T1"", ""T12"", ""T5"", ""T19""]",[]
DG28F5D4D2FEFC,G0,T1,"[""T1"", ""T19"", ""T5"", ""T11"", ""T18""]","[""F11"", ""F16"", ""F7"", ""F0"", ""F12"", ""F13"", ""F15""]"
DG5E83503045BC,G1,T14,"[""T14"", ""T3"", ""T27"", ""T1"", ""T26""]","[""F29"", ""F19""]"
DG5E83503045BC,G0,T9,"[""T9"", ""T0"", ""T25"", ""T24"", ""T12""]",[]
DG5E83503045BC,G2,T18,"[""T18"", ""T0"", ""T25"", ""T9"", ""T22""]",[]
DG5270E7287FAA,G0,T0,"[""T0"", ""T2"", ""T11"", ""T9"", ""T10""]","[""F2"", ""F1"", ""F7""]"
DG7B7AB375DA3E,G2,T0,"[""T0"", ""T20"", ""T4"", ""T8"", ""T18""]","[""F6"", ""F3""]"
DG7B7AB375DA3E,G0,T20,"[""T20"", ""T0"", ""T2"", ""T4"", ""T21""]","[""F21"", ""F23"", ""F17"", ""F16""]"
DG7B7AB375DA3E,G1,T5,"[""T5"", ""T20"", ""T0"", ""T4"", ""T2""]",[]
DGAFA5757D2627,G0,T12,"[""T12"", ""T14"", ""T13"", ""T15"", ""T9""]",[]
DGFE018282C62A,G0,T2,"[""T2"", ""T4"", ""T16"", ""T10"", ""T17""]","[""F1"", ""F12"", ""F26"", ""F3"", ""F14"", ""F19"", ""F5"", ""F17"", ""F38"", ""F31"", ""F0"", ""F6"", ""F32"", ""F23"", ""F18"", ""F25""]"
DGFE018282C62A,G1,T16,"[""T16"", ""T4"", ""T2"", ""T10"", ""T1""]","[""F21"", ""F27"", ""F8"", ""F7"", ""F9"", ""F10"", ""F19"", ""F17"", ""F0"", ""F13"", ""F2""]"
DGFE018282C62A,G2,T4,"[""T4"", ""T12"", ""T10"", ""T20"", ""T2""]","[""F21"", ""F22"", ""F8"", ""F29"", ""F15"", ""F16"", ""F6"", ""F13"", ""F2"", ""F25""]"
DG670343BA2C66,G0,T8,"[""T8"", ""T1"", ""T15"", ""T13"", ""T4""]","[""F11"", ""F15"", ""F2"", ""F6"", ""F23"", ""F18""]"
DG670343BA2C66,G1,T1,"[""T1"", ""T8"", ""T0"", ""T4"", ""T15""]","[""F11"", ""F14"", ""F15"", ""F2"", ""F6"", ""F8"", ""F17""]"
DG9604143A0840,G0,T11,"[""T11"", ""T2"", ""T0"", ""T10"", ""T18""]","[""F3"", ""F10"", ""F23"", ""F0"", ""F21"", ""F6"", ""F12"", ""F20""]"
DG9604143A0840,G1,T2,"[""T2"", ""T14"", ""T3"", ""T6"", ""T10""]","[""F11"", ""F4"", ""F22"", ""F9"", ""F16"", ""F19"", ""F17""]"
DG38C5AE78DC15,G2,T16,"[""T16"", ""T18"", ""T12"", ""T13"", ""T17""]","[""F29""]"
DG38C5AE78DC15,G0,T13,"[""T13"", ""T18"", ""T17"", ""T19"", ""T16""]","[""F10"", ""F9""]"
DG38C5AE78DC15,G1,T18,"[""T18"", ""T13"", ""T16"", ""T10"", ""T19""]","[""F37"", ""F0"", ""F13"", ""F9""]"
DG878F31568218,G0,T1,"[""T1"", ""T3"", ""T16"", ""T14"", ""T12""]","[""F21"", ""F8"", ""F33"", ""F6"", ""F20"", ""F25"", ""F13"", ""F1"", ""F32"", ""F7""]"
DG878F31568218,G1,T3,"[""T3"", ""T1"", ""T16"", ""T14"", ""T7""]","[""F21"", ""F8"", ""F33"", ""F6"", ""F20"", ""F25"", ""F13"", ""F1"", ""F32"", ""F7""]"
DG947A4F806908,G0,T14,"[""T14"", ""T12"", ""T6"", ""T2"", ""T8""]","[""F18"", ""F0"", ""F21"", ""F15"", ""F12""]"
DG947A4F806908,G1,T12,"[""T12"", ""T14"", ""T11"", ""T10"", ""T5""]","[""F0"", ""F17"", ""F14"", ""F8"", ""F21"", ""F12""]"
DG9D549745F248,G1,T2,"[""T2"", ""T15"", ""T4"", ""T7"", ""T9""]",[]
DG9D549745F248,G0,T15,"[""T15"", ""T2"", ""T4"", ""T7"", ""T9""]",[]
DG88FE449CFE89,G0,T10,"[""T10"", ""T0"", ""T14"", ""T8"", ""T1""]","[""F12"", ""F9"", ""F24"", ""F18"", ""F25""]"
DG88FE449CFE89,G1,T0,"[""T0"", ""T10"", ""T1"", ""T3"", ""T5""]","[""F17"", ""F12"", ""F9"", ""F24"", ""F18"", ""F25""]"
DGE546D219D36A,G1,T12,"[""T12"", ""T11"", ""T2"", ""T7"", ""T1""]","[""F10"", ""F3"", ""F15"", ""F9"", ""F21"", ""F11""]"
DGE546D219D36A,G0,T2,"[""T2"", ""T11"", ""T12"", ""T7"", ""T3""]","[""F8"", ""F22"", ""F4"", ""F16"", ""F19""]"
DG43483D9CD203,G1,T3,"[""T3"", ""T4"", ""T2"", ""T15"", ""T5""]",[]
DG43483D9CD203,G0,T4,"[""T4"", ""T2"", ""T3"", ""T8"", ""T6""]","[""F19"", ""F5"", ""F10"", ""F8"", ""F7"", ""F9"", ""F6""]"
DG67B06AA1C71D,G1,T17,"[""T17"", ""T2"", ""T15"", ""T7"", ""T11""]","[""F21"", ""F27"", ""F26"", ""F17""]"
DG67B06AA1C71D,G0,T15,"[""T15"", ""T17"", ""T2"", ""T11"", ""T7""]","[""F20"", ""F15"", ""F14"", ""F6"", ""F3""]"
DGC30EC89CA019,G0,T7,"[""T7"", ""T3"", ""T6"", ""T1"", ""T2""]","[""F22"", ""F12""]"
DGC30EC89CA019,G1,T3,"[""T3"", ""T7"", ""T8"", ""T6"", ""T4""]","[""F27"", ""F1"", ""F28"", ""F6"", ""F4""]"
DG34CA939552FE,G0,T21,"[""T21"", ""T17"", ""T3"", ""T20"", ""T12""]","[""F20"", ""F35"", ""F10""]"
DG34CA939552FE,G2,T18,"[""T18"", ""T21"", ""T10"", ""T3"", ""T2""]","[""F10""]"
DG34CA939552FE,G1,T10,"[""T10"", ""T6"", ""T18"", ""T3"", ""T21""]","[""F6"", ""F14"", ""F32"", ""F24""]"
DGCB7C7A3D30B7,G1,T2,"[""T2"", ""T0"", ""T19"", ""T8"", ""T3""]","[""F2"", ""F34"", ""F20"", ""F27"", ""F17"", ""F3""]"
DGCB7C7A3D30B7,G2,T19,"[""T19"", ""T0"", ""T2"", ""T8"", ""T10""]","[""F2"", ""F1"", ""F17"", ""F11""]"
DGCB7C7A3D30B7,G0,T0,"[""T0"", ""T2"", ""T19"", ""T8"", ""T14""]","[""F33"", ""F34"", ""F8"", ""F29"", ""F4"", ""F12""]"
DG4274B515D9E5,G1,T17,"[""T17"", ""T1"", ""T9"", ""T11"", ""T4""]","[""F24"", ""F17"", ""F4"", ""F22"", ""F13"", ""F16"", ""F19""]"
DG4274B515D9E5,G0,T1,"[""T1"", ""T17"", ""T9"", ""T19"", ""T11""]",[]
DG199FF62F95C4,G2,T1,"[""T1"", ""T18"", ""T21"", ""T19"", ""T13""]","[""F0"", ""F22"", ""F15"", ""F16"", ""F3"", ""F13"", ""F14"", ""F31"", ""F12""]"
DG199FF62F95C4,G0,T18,"[""T18"", ""T1"", ""T19"", ""T21"", ""T13""]","[""F11"", ""F5""]"
DG199FF62F95C4,G1,T4,"[""T4"", ""T12"", ""T19"", ""T13"", ""T21""]","[""F1"", ""F21""]"
DG5328FA96D34A,G0,T3,"[""T3"", ""T17"", ""T4"", ""T10"", ""T16""]","[""F2"", ""F8"", ""F20"", ""F21"", ""F4""]"
DG40E42B1FF121,G1,T21,"[""T21"", ""T9"", ""T18"", ""T14"", ""T5""]","[""F4"", ""F34"", ""F13"", ""F32"", ""F1"", ""F2"", ""F29"", ""F10""]"
DG40E42B1FF121,G2,T9,"[""T9"", ""T18"", ""T21"", ""T14"", ""T3""]","[""F34"", ""F15"", ""F28"", ""F12"", ""F7"", ""F32"", ""F6"", ""F29"", ""F9"", ""F35"", ""F26""]"
DG40E42B1FF121,G0,T18,"[""T18"", ""T21"", ""T3"", ""T8"", ""T2""]","[""F17"", ""F30"", ""F28"", ""F22"", ""F8"", ""F19"", ""F20"", ""F35"", ""F25"", ""F26""]"
DGAFED868F6C91,G2,T5,"[""T5"", ""T0"", ""T9"", ""T18"", ""T21""]","[""F16"", ""F19"", ""F2"", ""F0"", ""F17"", ""F9"", ""F1"", ""F14""]"
DGAFED868F6C91,G0,T0,"[""T0"", ""T5"", ""T9"", ""T4"", ""T23""]","[""F4"", ""F23"", ""F15"", ""F9"", ""F27"", ""F7"", ""F14"", ""F10""]"
DGAFED868F6C91,G1,T9,"[""T9"", ""T0"", ""T5"", ""T18"", ""T23""]","[""F18"", ""F4"", ""F9""]"
DGBC5AA8870859,G0,T7,"[""T7"", ""T2"", ""T14"", ""T13"", ""T4""]",[]
DGC1EB9AE456C7,G1,T4,"[""T4"", ""T16"", ""T14"", ""T17"", ""T11""]","[""F32"", ""F26"", ""F28"", ""F18"", ""F12"", ""F21"", ""F0"", ""F5""]"
DGC1EB9AE456C7,G0,T16,"[""T16"", ""T4"", ""T14"", ""T17"", ""T13""]","[""F1"", ""F32"", ""F14"", ""F7"", ""F12"", ""F30"", ""F0"", ""F22""]"
DGC1EB9AE456C7,G2,T19,"[""T19"", ""T4"", ""T16"", ""T14"", ""T13""]","[""F1"", ""F15"", ""F14"", ""F22""]"
DG7E3265DA5D2D,G0,T0,"[""T0"", ""T7"", ""T11"", ""T14"", ""T10""]","[""F27"", ""F17"", ""F2"", ""F19"", ""F34"", ""F31"", ""F16"", ""F5"", ""F30"", ""F8""]"
DG7E3265DA5D2D,G1,T10,"[""T10"", ""T7"", ""T0"", ""T14"", ""T11""]",[]
DG7E3265DA5D2D,G2,T7,"[""T7"", ""T0"", ""T10"", ""T11"", ""T14""]","[""F29"", ""F0"", ""F1"", ""F24"", ""F18"", ""F31"", ""F14"", ""F12"", ""F16"", ""F10"", ""F25"", ""F20""]"
DGA90DBA1B8FA6,G0,T13,"[""T13"", ""T16"", ""T2"", ""T15"", ""T10""]","[""F35"", ""F13"", ""F0"", ""F36""]"
DGA90DBA1B8FA6,G1,T16,"[""T16"", ""T2"", ""T13"", ""T15"", ""T10""]","[""F28"", ""F0"", ""F39"", ""F36""]"
DGA90DBA1B8FA6,G2,T2,"[""T2"", ""T16"", ""T13"", ""T15"", ""T10""]","[""F5"", ""F9"", ""F26"", ""F32"", ""F30"", ""F8"", ""F25""]"
DG5894DE1B9ECD,G0,T18,"[""T18"", ""T1"", ""T11"", ""T13"", ""T9""]","[""F3"", ""F22"", ""F25"", ""F13"", ""F2"", ""F14"", ""F0"", ""F8"", ""F4""]"
DG5894DE1B9ECD,G1,T13,"[""T13"", ""T18"", ""T1"", ""T11"", ""T19""]","[""F3"", ""F22"", ""F25"", ""F13"", ""F14"", ""F8""]"
DG5894DE1B9ECD,G2,T1,"[""T1"", ""T18"", ""T11"", ""T7"", ""T13""]","[""F9"", ""F1"", ""F26"", ""F24"", ""F16"", ""F6"", ""F21""]"
DG07632F25FF7E,G1,T12,"[""T12"", ""T6"", ""T8"", ""T5"", ""T4""]","[""F9"", ""F29"", ""F16"", ""F24"", ""F22"", ""F17"", ""F33"", ""F23"", ""F32"", ""F6""]"
DG07632F25FF7E,G2,T5,"[""T5"", ""T11"", ""T16"", ""T0"", ""T8""]","[""F9"", ""F25"", ""F29"", ""F15"", ""F19"", ""F10"", ""F0"", ""F23"", ""F7"", ""F32"", ""F6"", ""F20""]"
DG07632F25FF7E,G0,T7,"[""T7"", ""T9"", ""T11"", ""T14"", ""T5""]","[""F9"", ""F25"", ""F29"", ""F15"", ""F10"", ""F33"", ""F21"", ""F0"", ""F3"", ""F23"", ""F7"", ""F6"", ""F20""]"
DG0C0E65DFF740,G0,T16,"[""T16"", ""T14"", ""T17"", ""T12"", ""T9""]","[""F9"", ""F2"", ""F4"", ""F13"", ""F19""]"
DG0C0E65DFF740,G1,T14,"[""T14"", ""T17"", ""T3"", ""T16"", ""T15""]","[""F8"", ""F9"", ""F2"", ""F20"", ""F4"", ""F13""]"
DG799DF5E045B5,G1,T15,"[""T15"", ""T9"", ""T21"", ""T14"", ""T1""]","[""F26"", ""F9"", ""F22"", ""F21"", ""F20"", ""F25"", ""F6"", ""F17"", ""F11"", ""F27""]"
DG799DF5E045B5,G0,T1,"[""T1"", ""T9"", ""T14"", ""T15"", ""T5""]","[""F5""]"
DG799DF5E045B5,G2,T9,"[""T9"", ""T14"", ""T11"", ""T1"", ""T3""]",[]
DG5F69F2F0FB42,G0,T15,"[""T15"", ""T10"", ""T14"", ""T7"", ""T18""]","[""F15""]"
DG5F69F2F0FB42,G1,T10,"[""T10"", ""T15"", ""T14"", ""T7"", ""T18""]","[""F15"", ""F11""]"
DGB782515311E7,G0,T11,"[""T11"", ""T7"", ""T21"", ""T20"", ""T2""]","[""F7"", ""F24"", ""F14"", ""F11"", ""F23"", ""F10"", ""F33""]"
DGB782515311E7,G1,T7,"[""T7"", ""T11"", ""T21"", ""T22"", ""T9""]","[""F3"", ""F14"", ""F11"", ""F16"", ""F17"", ""F10"", ""F33""]"
DGB782515311E7,G2,T15,"[""T15"", ""T7"", ""T11"", ""T14"", ""T12""]","[""F3"", ""F19"", ""F14"", ""F32"", ""F33""]"
DG2EDBC68E13CC,G0,T12,"[""T12"", ""T10"", ""T3"", ""T1"", ""T2""]","[""F26"", ""F7"", ""F10"", ""F12""]"
DG2EDBC68E13CC,G1,T14,"[""T14"", ""T12"", ""T6"", ""T10"", ""T2""]",[]
DG2DB7356A314B,G1,T12,"[""T12"", ""T7"", ""T2"", ""T10"", ""T19""]","[""F10"", ""F21"", ""F15"", ""F4"", ""F16"", ""F20""]"
DG2DB7356A314B,G0,T7,"[""T7"", ""T12"", ""T10"", ""T2"", ""T19""]","[""F6"", ""F23"", ""F7"", ""F17"", ""F15"", ""F5"", ""F25"", ""F30""]"
DG9839F4D21E18,G1,T16,"[""T16"", ""T11"", ""T15"", ""T3"", ""T9""]","[""F19"", ""F11"", ""F16""]"
DG9839F4D21E18,G0,T11,"[""T11"", ""T16"", ""T15"", ""T3"", ""T9""]","[""F25"", ""F6"", ""F11"", ""F3"", ""F22""]"
DGA97053582BBC,G1,T24,"[""T24"", ""T8"", ""T10"", ""T22"", ""T19""]","[""F29"", ""F30"", ""F22"", ""F8"", ""F15""]"
DGA97053582BBC,G2,T8,"[""T8"", ""T24"", ""T6"", ""T22"", ""T13""]","[""F30"", ""F13"", ""F14"", ""F12""]"
DGA97053582BBC,G0,T22,"[""T22"", ""T24"", ""T8"", ""T6"", ""T0""]","[""F15"", ""F2""]"
DGC9204CD89236,G1,T14,"[""T14"", ""T8"", ""T9"", ""T10"", ""T3""]","[""F13"", ""F24"", ""F8"", ""F30"", ""F12"", ""F3"", ""F23"", ""F18"", ""F2"", ""F5"", ""F7"", ""F21"", ""F4""]"
DGC9204CD89236,G0,T8,"[""T8"", ""T14"", ""T9"", ""T10"", ""T7""]","[""F13"", ""F3"", ""F1"", ""F20"", ""F19"", ""F17"", ""F27"", ""F5"", ""F15"", ""F16""]"
DG2E88963BE91F,G1,T11,"[""T11"", ""T8"", ""T21"", ""T12"", ""T6""]","[""F8"", ""F31"", ""F13"", ""F7"", ""F4""]"
DG2E88963BE91F,G0,T8,"[""T8"", ""T11"", ""T12"", ""T21"", ""T14""]","[""F12"", ""F19"", ""F22"", ""F8"", ""F27"", ""F14""]"
DGB4C4BF8DB8CA,G0,T18,"[""T18"", ""T8"", ""T11"", ""T13"", ""T4""]","[""F4"", ""F13"", ""F27"", ""F1"", ""F9"", ""F10""]"
DGB4C4BF8DB8CA,G1,T20,"[""T20"", ""T8"", ""T18"", ""T14"", ""T19""]",[]
DG0376FB11A1A9,G1,T6,"[""T6"", ""T13"", ""T4"", ""T3"", ""T5""]",[]
DG0376FB11A1A9,G0,T4,"[""T4"", ""T6"", ""T10"", ""T2"", ""T7""]","[""F20"", ""F1"", ""F23"", ""F5"", ""F9""]"
DGB19B4A62678D,G1,T3,"[""T3"", ""T11"", ""T10"", ""T1"", ""T2""]",[]
DGB19B4A62678D,G2,T11,"[""T11"", ""T6"", ""T10"", ""T4"", ""T7""]","[""F30""]"
DGB19B4A62678D,G0,T10,"[""T10"", ""T11"", ""T6"", ""T3"", ""T13""]","[""F5"", ""F23"", ""F19"", ""F30""]"
DG130689A0626D,G1,T14,"[""T14"", ""T21"", ""T15"", ""T9"", ""T11""]","[""F3"", ""F22"", ""F6"", ""F9""]"
DG130689A0626D,G2,T15,"[""T15"", ""T21"", ""T14"", ""T9"", ""T20""]","[""F24"", ""F11"", ""F5"", ""F2"", ""F4"", ""F22"", ""F6"", ""F17"", ""F9"", ""F25""]"
DG130689A0626D,G0,T21,"[""T21"", ""T15"", ""T14"", ""T9"", ""T20""]","[""F15"", ""F3"", ""F14"", ""F5"", ""F22"", ""F9"", ""F25""]"
DG7838C73D7B22,G1,T16,"[""T16"", ""T19"", ""T17"", ""T0"", ""T8""]","[""F11"", ""F20"", ""F22"", ""F19""]"
DG7838C73D7B22,G0,T19,"[""T19"", ""T16"", ""T8"", ""T12"", ""T0""]","[""F2"", ""F4"", ""F8""]"
DG75EA0B6E7FDF,G0,T3,"[""T3"", ""T2"", ""T9"", ""T14"", ""T16""]","[""F13"", ""F2"", ""F32"", ""F10"", ""F9"", ""F3"", ""F5"", ""F6"", ""F7"", ""F24"", ""F26"", ""F14"", ""F30"", ""F27"", ""F20""]"
DG75EA0B6E7FDF,G1,T2,"[""T2"", ""T3"", ""T14"", ""T9"", ""T16""]","[""F23"", ""F28"", ""F0"", ""F29"", ""F15"", ""F33"", ""F21"", ""F25"", ""F16"", ""F1"", ""F18"", ""F14"", ""F31""]"
DG38E20E80C802,G0,T1,"[""T1"", ""T11"", ""T2"", ""T12"", ""T4""]","[""F12"", ""F2"", ""F23"", ""F5""]"
DG38E20E80C802,G1,T11,"[""T11"", ""T1"", ""T12"", ""T2"", ""T4""]","[""F19"", ""F15"", ""F10"", ""F5"", ""F22""]"
DGF76C77FED6C5,G0,T22,"[""T22"", ""T1"", ""T17"", ""T8"", ""T10""]","[""F8"", ""F4"", ""F10"", ""F14""]"
DGF76C77FED6C5,G1,T1,"[""T1"", ""T17"", ""T22"", ""T8"", ""T7""]","[""F13"", ""F2"", ""F5""]"
DG370D621E185D,G0,T14,"[""T14"", ""T19"", ""T16"", ""T4"", ""T6""]","[""F5"", ""F17"", ""F11"", ""F18"", ""F21"", ""F26""]"
DG370D621E185D,G1,T4,"[""T4"", ""T14"", ""T19"", ""T16"", ""T8""]","[""F16"", ""F25"", ""F7"", ""F6"", ""F10"", ""F21"", ""F4""]"
DG5BAD4477F59D,G1,T14,"[""T14"", ""T13"", ""T2"", ""T11"", ""T21""]","[""F15"", ""F4"", ""F12""]"
DG5BAD4477F59D,G0,T13,"[""T13"", ""T14"", ""T11"", ""T23"", ""T9""]","[""F16"", ""F9"", ""F11"", ""F2"", ""F15"", ""F18"", ""F4"", ""F7""]"
DGEB146DD1943B,G0,T3,"[""T3"", ""T12"", ""T10"", ""T9"", ""T0""]","[""F6"", ""F13""]"
DGEAF57F7B8AE8,G0,T14,"[""T14"", ""T19"", ""T17"", ""T10"", ""T11""]","[""F7""]"
DGEAF57F7B8AE8,G1,T19,"[""T19"", ""T14"", ""T17"", ""T16"", ""T0""]","[""F25"", ""F9"", ""F20"", ""F24"", ""F12"", ""F14""]"
DG5255677E1AF0,G1,T14,"[""T14"", ""T4"", ""T8"", ""T1"", ""T9""]","[""F6"", ""F14"", ""F22"", ""F4"", ""F20""]"
DG5255677E1AF0,G0,T4,"[""T4"", ""T8"", ""T1"", ""T14"", ""T18""]","[""F5"", ""F12""]"
DGABFE8F4A4972,G0,T22,"[""T22"", ""T10"", ""T3"", ""T17"", ""T23""]","[""F17"", ""F12"", ""F4"", ""F28"", ""F21"", ""F33""]"
DGABFE8F4A4972,G1,T3,"[""T3"", ""T22"", ""T10"", ""T17"", ""T23""]","[""F13"", ""F17"", ""F12"", ""F1"", ""F4"", ""F21"", ""F33""]"
DGABFE8F4A4972,G2,T10,"[""T10"", ""T22"", ""T3"", ""T17"", ""T23""]","[""F13"", ""F17"", ""F1"", ""F22"", ""F3"", ""F21""]"
DGA06EA5FADED1,G0,T11,"[""T11"", ""T10"", ""T6"", ""T15"", ""T0""]",[]
DGA06EA5FADED1,G1,T10,"[""T10"", ""T11"", ""T6"", ""T13"", ""T0""]","[""F7"", ""F16"", ""F5"", ""F10""]"
DG0F341D436B70,G0,T2,"[""T2"", ""T10"", ""T6"", ""T4"", ""T5""]","[""F21"", ""F8"", ""F19"", ""F4"", ""F6"", ""F18"", ""F11"", ""F12"", ""F20"", ""F17"", ""F1"", ""F0""]"
DG49AF5DCFAFC8,G0,T0,"[""T0"", ""T2"", ""T7"", ""T3"", ""T5""]","[""F22""]"
DG49AF5DCFAFC8,G1,T2,"[""T2"", ""T0"", ""T7"", ""T3"", ""T14""]","[""F4"", ""F9""]"
DG067F97B79406,G1,T6,"[""T6"", ""T9"", ""T5"", ""T2"", ""T16""]","[""F26"", ""F1"", ""F4"", ""F14"", ""F19"", ""F6""]"
DG067F97B79406,G0,T9,"[""T9"", ""T5"", ""T2"", ""T10"", ""T0""]","[""F26"", ""F12"", ""F27"", ""F24"", ""F25""]"
DG1184BE7F563F,G1,T9,"[""T9"", ""T3"", ""T15"", ""T12"", ""T16""]",[]
DG1184BE7F563F,G0,T3,"[""T3"", ""T9"", ""T15"", ""T16"", ""T0""]","[""F4"", ""F8""]"
DG3C0F3C6A5F43,G0,T22,"[""T22"", ""T6"", ""T5"", ""T0"", ""T21""]","[""F26"", ""F17"", ""F23"", ""F29"", ""F21"", ""F6"", ""F7""]"
DG3C0F3C6A5F43,G1,T6,"[""T6"", ""T22"", ""T5"", ""T20"", ""T10""]","[""F26"", ""F17"", ""F23"", ""F29"", ""F4"", ""F31"", ""F6"", ""F7""]"
DG3C0F3C6A5F43,G2,T17,"[""T17"", ""T21"", ""T12"", ""T6"", ""T20""]","[""F13"", ""F25"", ""F5"", ""F12"", ""F28"", ""F19"", ""F18"", ""F4""]"
DG6446065D189F,G1,T14,"[""T14"", ""T3"", ""T5"", ""T13"", ""T11""]",[]
DG6446065D189F,G0,T5,"[""T5"", ""T3"", ""T14"", ""T13"", ""T11""]",[]
DG6446065D189F,G2,T3,"[""T3"", ""T5"", ""T14"", ""T10"", ""T13""]","[""F7"", ""F12"", ""F13"", ""F17"", ""F11"", ""F28"", ""F8"", ""F15""]"
DG4EAEBB659CE0,G1,T11,"[""T11"", ""T12"", ""T2"", ""T18"", ""T1""]","[""F9"", ""F22"", ""F30"", ""F3"", ""F29"", ""F26"", ""F5"", ""F2""]"
DG4EAEBB659CE0,G0,T12,"[""T12"", ""T11"", ""T18"", ""T2"", ""T15""]","[""F9"", ""F15"", ""F22"", ""F3"", ""F26"", ""F27"", ""F5""]"
DG233055512D74,G0,T4,"[""T4"", ""T5"", ""T2"", ""T13"", ""T15""]","[""F9"", ""F11"", ""F16"", ""F0""]"
DG233055512D74,G1,T5,"[""T5"", ""T4"", ""T9"", ""T1"", ""T6""]","[""F16"", ""F0""]"
DGC29E14BC9C78,G0,T1,"[""T1"", ""T17"", ""T9"", ""T0"", ""T7""]","[""F16"", ""F1"", ""F7""]"
DG923BA00DBB7C,G2,T14,"[""T14"", ""T10"", ""T6"", ""T23"", ""T15""]","[""F14"", ""F33"", ""F25"", ""F5"", ""F34"", ""F10"", ""F32"", ""F12""]"
DG923BA00DBB7C,G0,T5,"[""T5"", ""T6"", ""T8"", ""T14"", ""T23""]","[""F9"", ""F8"", ""F29""]"
DG923BA00DBB7C,G1,T6,"[""T6"", ""T5"", ""T8"", ""T14"", ""T23""]",[]
DG13CB37C2EE24,G0,T14,"[""T14"", ""T20"", ""T0"", ""T13"", ""T2""]","[""F23"", ""F19"", ""F5""]"
DG13CB37C2EE24,G1,T20,"[""T20"", ""T2"", ""T14"", ""T13"", ""T9""]","[""F13"", ""F24"", ""F19"", ""F9"", ""F0"", ""F22"", ""F21""]"
DG330F63E10996,G1,T8,"[""T8"", ""T5"", ""T1"", ""T0"", ""T19""]","[""F21"", ""F3"", ""F25"", ""F4""]"
DG330F63E10996,G0,T19,"[""T19"", ""T8"", ""T1"", ""T5"", ""T4""]","[""F3"", ""F25""]"
DG2A2C41E3E63C,G0,T13,"[""T13"", ""T1"", ""T2"", ""T9"", ""T15""]","[""F3"", ""F6""]"
DG07FE3D169218,G2,T17,"[""T17"", ""T15"", ""T12"", ""T22"", ""T23""]",[]
DG07FE3D169218,G1,T22,"[""T22"", ""T15"", ""T17"", ""T9"", ""T23""]","[""F24"", ""F29"", ""F16""]"
DG07FE3D169218,G0,T15,"[""T15"", ""T17"", ""T22"", ""T23"", ""T9""]","[""F7"", ""F19"", ""F2"", ""F6"", ""F3"", ""F14"", ""F24"", ""F22"", ""F35"", ""F28"", ""F23"", ""F29"", ""F25"", ""F17""]"
DG5684949F1DDF,G0,T27,"[""T27"", ""T15"", ""T24"", ""T17"", ""T25""]","[""F4"", ""F9"", ""F23"", ""F17"", ""F5"", ""F30""]"
DG5684949F1DDF,G2,T15,"[""T15"", ""T27"", ""T24"", ""T17"", ""T25""]","[""F28"", ""F14"", ""F20"", ""F10"", ""F26"", ""F22""]"
DG5684949F1DDF,G1,T24,"[""T24"", ""T27"", ""T19"", ""T3"", ""T15""]","[""F14"", ""F9"", ""F23""]"
DG4ED8FB95E167,G1,T5,"[""T5"", ""T14"", ""T9"", ""T11"", ""T13""]","[""F24"", ""F27"", ""F12"", ""F3"", ""F21""]"
DG4ED8FB95E167,G0,T14,"[""T14"", ""T5"", ""T9"", ""T13"", ""T11""]","[""F9"", ""F27"", ""F0"", ""F10"", ""F1""]"
DG4448CFFBB108,G0,T6,"[""T6"", ""T11"", ""T8"", ""T12"", ""T0""]",[]
DG4448CFFBB108,G1,T12,"[""T12"", ""T11"", ""T6"", ""T10"", ""T4""]","[""F20"", ""F0"", ""F9""]"
DG4448CFFBB108,G2,T11,"[""T11"", ""T12"", ""T6"", ""T4"", ""T18""]",[]
DG973946488F8F,G1,T6,"[""T6"", ""T9"", ""T18"", ""T0"", ""T11""]","[""F3"", ""F10"", ""F21"", ""F13"", ""F24""]"
DG973946488F8F,G0,T9,"[""T9"", ""T6"", ""T18"", ""T0"", ""T12""]","[""F3"", ""F10"", ""F21"", ""F13"", ""F24""]"
DGF26748E84E09,G1,T13,"[""T13"", ""T7"", ""T2"", ""T4"", ""T11""]","[""F12"", ""F3"", ""F15""]"
DGF26748E84E09,G0,T11,"[""T11"", ""T13"", ""T4"", ""T0"", ""T2""]","[""F19"", ""F20"", ""F13"", ""F18"", ""F23""]"
DG271195847081,G0,T2,"[""T2"", ""T6"", ""T0"", ""T5"", ""T9""]","[""F7"", ""F8""]"
DG76DE5665B8F5,G1,T8,"[""T8"", ""T4"", ""T7"", ""T13"", ""T12""]","[""F19"", ""F24"", ""F16"", ""F28"", ""F15"", ""F22"", ""F8"", ""F23"", ""F21"", ""F17"", ""F2""]"
DG76DE5665B8F5,G0,T7,"[""T7"", ""T4"", ""T13"", ""T8"", ""T12""]","[""F16"", ""F5"", ""F31"", ""F3"", ""F8"", ""F21"", ""F17""]"
DG76DE5665B8F5,G2,T4,"[""T4"", ""T7"", ""T13"", ""T8"", ""T18""]","[""F5"", ""F33"", ""F3"", ""F26""]"
DG0F5F03284C9A,G0,T10,"[""T10"", ""T14"", ""T15"", ""T17"", ""T6""]","[""F2"", ""F3"", ""F24"", ""F5"", ""F16""]"
DG0F5F03284C9A,G1,T14,"[""T14"", ""T10"", ""T15"", ""T2"", ""T5""]","[""F9"", ""F2"", ""F24"", ""F5"", ""F15""]"
DGDEBD9AFDE356,G2,T7,"[""T7"", ""T6"", ""T0"", ""T9"", ""T12""]","[""F8"", ""F4"", ""F34"", ""F21"", ""F30"", ""F10"", ""F1"", ""F27"", ""F20"", ""F5""]"
DGDEBD9AFDE356,G1,T0,"[""T0"", ""T6"", ""T7"", ""T9"", ""T14""]",[]
DGDEBD9AFDE356,G0,T6,"[""T6"", ""T7"", ""T9"", ""T2"", ""T12""]","[""F26"", ""F4"", ""F34"", ""F33"", ""F21"", ""F30"", ""F10"", ""F1"", ""F20"", ""F5""]"
DG96D35C538028,G0,T7,"[""T7"", ""T17"", ""T14"", ""T0"", ""T13""]",[]
DG96D35C538028,G1,T17,"[""T17"", ""T7"", ""T14"", ""T0"", ""T13""]","[""F11""]"
DGBF19FA20C856,G1,T2,"[""T2"", ""T17"", ""T0"", ""T21"", ""T13""]","[""F9"", ""F19"", ""F11"", ""F20"", ""F24"", ""F23""]"
DGBF19FA20C856,G2,T0,"[""T0"", ""T17"", ""T2"", ""T21"", ""T4""]","[""F28"", ""F17"", ""F27"", ""F23""]"
DGBF19FA20C856,G0,T17,"[""T17"", ""T0"", ""T2"", ""T18"", ""T14""]","[""F28"", ""F30"", ""F17"", ""F1"", ""F27""]"
DG8CDEF443C5CB,G0,T4,"[""T4"", ""T14"", ""T12"", ""T13"", ""T17""]","[""F18"", ""F4""]"
DGF7026268E7A2,G0,T2,"[""T2"", ""T5"", ""T1"", ""T7"", ""T11""]","[""F4"", ""F3"", ""F8""]"
DGA1C7A68B82EF,G0,T8,"[""T8"", ""T10"", ""T1"", ""T5"", ""T7""]","[""F19"", ""F4"", ""F0"", ""F13""]"
DGA1C7A68B82EF,G1,T10,"[""T10"", ""T1"", ""T8"", ""T5"", ""T0""]","[""F19"", ""F24"", ""F4"", ""F0"", ""F22""]"
DG549D39BE1976,G0,T13,"[""T13"", ""T3"", ""T5"", ""T0"", ""T10""]","[""F24"", ""F21"", ""F14"", ""F16""]"
DG026D65876F96,G1,T11,"[""T11"", ""T6"", ""T8"", ""T2"", ""T7""]","[""F11"", ""F4"", ""F0"", ""F10"", ""F1"", ""F2"", ""F7"", ""F3"", ""F9"", ""F20""]"
DG026D65876F96,G0,T6,"[""T6"", ""T11"", ""T8"", ""T12"", ""T2""]","[""F11"", ""F4"", ""F0"", ""F10"", ""F1"", ""F2"", ""F3"", ""F9"", ""F19"", ""F20""]"
DG02EC0E32C885,G0,T19,"[""T19"", ""T1"", ""T18"", ""T5"", ""T2""]","[""F6""]"
DG02EC0E32C885,G1,T1,"[""T1"", ""T19"", ""T5"", ""T10"", ""T2""]","[""F20"", ""F6"", ""F5""]"
DGFF809368B93D,G2,T18,"[""T18"", ""T12"", ""T20"", ""T2"", ""T15""]","[""F17"", ""F23"", ""F5"", ""F13"", ""F19"", ""F22""]"
DGFF809368B93D,G0,T12,"[""T12"", ""T18"", ""T16"", ""T20"", ""T7""]","[""F13""]"
DGFF809368B93D,G1,T16,"[""T16"", ""T18"", ""T12"", ""T20"", ""T2""]","[""F17"", ""F23"", ""F2"", ""F13"", ""F19"", ""F16""]"
DG6AE1E8115B77,G2,T3,"[""T3"", ""T21"", ""T8"", ""T10"", ""T20""]","[""F29"", ""F34"", ""F33""]"
DG6AE1E8115B77,G0,T21,"[""T21"", ""T3"", ""T8"", ""T10"", ""T20""]","[""F29"", ""F23"", ""F33""]"
DG6AE1E8115B77,G1,T8,"[""T8"", ""T3"", ""T21"", ""T10"", ""T16""]","[""F7"", ""F33"", ""F5"", ""F1"", ""F4"", ""F10""]"
DG3F29F6FDC6B1,G2,T8,"[""T8"", ""T13"", ""T19"", ""T4"", ""T21""]",[]
DG3F29F6FDC6B1,G0,T19,"[""T19"", ""T13"", ""T21"", ""T5"", ""T4""]","[""F21"", ""F17"", ""F25"", ""F18"", ""F22"", ""F1"", ""F0"", ""F28"", ""F23""]"
DG3F29F6FDC6B1,G1,T13,"[""T13"", ""T8"", ""T19"", ""T5"", ""T4""]","[""F8"", ""F14"", ""F7""]"
DG968D55E0F669,G1,T18,"[""T18"", ""T10"", ""T15"", ""T11"", ""T19""]","[""F33"", ""F24"", ""F7"", ""F0"", ""F29""]"
DG968D55E0F669,G2,T15,"[""T15"", ""T18"", ""T14"", ""T8"", ""T1""]","[""F10"", ""F4"", ""F5"", ""F27""]"
DG968D55E0F669,G0,T14,"[""T14"", ""T18"", ""T11"", ""T15"", ""T17""]","[""F24"", ""F7"", ""F11"", ""F4"", ""F0"", ""F31"", ""F29""]"
DG220BE63A9B0A,G2,T0,"[""T0"", ""T5"", ""T18"", ""T21"", ""T12""]","[""F29"", ""F30"", ""F28"", ""F4"", ""F8""]"
DG220BE63A9B0A,G1,T5,"[""T5"", ""T18"", ""T0"", ""T21"", ""T17""]","[""F30"", ""F28"", ""F8"", ""F12""]"
DG220BE63A9B0A,G0,T18,"[""T18"", ""T0"", ""T5"", ""T21"", ""T19""]","[""F30"", ""F28"", ""F4"", ""F8""]"
DG522F176A1473,G1,T5,"[""T5"", ""T17"", ""T12"", ""T14"", ""T23""]","[""F18"", ""F29"", ""F15"", ""F31"", ""F14"", ""F33"", ""F6"", ""F4"", ""F28"", ""F25"", ""F17"", ""F30""]"
DG522F176A1473,G2,T17,"[""T17"", ""T5"", ""T7"", ""T12"", ""T14""]","[""F18"", ""F15"", ""F25"", ""F21""]"
DG522F176A1473,G0,T7,"[""T7"", ""T17"", ""T5"", ""T14"", ""T12""]","[""F15"", ""F33"", ""F25""]"
DGC0F684D2F955,G1,T2,"[""T2"", ""T9"", ""T16"", ""T11"", ""T1""]","[""F14"", ""F11"", ""F19"", ""F16"", ""F9""]"
DGC0F684D2F955,G0,T9,"[""T9"", ""T2"", ""T16"", ""T1"", ""T11""]","[""F14"", ""F11"", ""F19"", ""F16"", ""F9"", ""F17""]"
DGB896CF4C7E4A,G1,T9,"[""T9"", ""T0"", ""T4"", ""T2"", ""T15""]","[""F20"", ""F16"", ""F8"", ""F12""]"
DGB896CF4C7E4A,G0,T0,"[""T0"", ""T4"", ""T9"", ""T8"", ""T15""]",[]
DG2D794C6CE912,G1,T7,"[""T7"", ""T9"", ""T15"", ""T2"", ""T11""]","[""F25"", ""F19""]"
DG2D794C6CE912,G0,T9,"[""T9"", ""T7"", ""T15"", ""T2"", ""T0""]","[""F22"", ""F19""]"
DGFD612C563FB3,G1,T20,"[""T20"", ""T12"", ""T19"", ""T0"", ""T5""]","[""F13"", ""F25"", ""F2"", ""F24"", ""F3"", ""F15"", ""F26"", ""F23"", ""F22"", ""F14"", ""F9""]"
DGFD612C563FB3,G0,T12,"[""T12"", ""T0"", ""T11"", ""T5"", ""T19""]","[""F13"", ""F25"", ""F2"", ""F24"", ""F3"", ""F15"", ""F26"", ""F14""]"
DG7DF049A065F5,G1,T5,"[""T5"", ""T18"", ""T9"", ""T1"", ""T16""]","[""F1"", ""F4"", ""F20"", ""F10"", ""F13"", ""F15""]"
DG7DF049A065F5,G0,T18,"[""T18"", ""T5"", ""T9"", ""T1"", ""T4""]","[""F25"", ""F17"", ""F8"", ""F9""]"
DG7DF049A065F5,G2,T1,"[""T1"", ""T18"", ""T5"", ""T9"", ""T4""]","[""F1"", ""F4"", ""F24"", ""F10"", ""F11"", ""F12""]"
DGAC1B9EBBAFC0,G0,T16,"[""T16"", ""T14"", ""T11"", ""T6"", ""T1""]","[""F23"", ""F29"", ""F3"", ""F26"", ""F5"", ""F0""]"
DGAC1B9EBBAFC0,G2,T11,"[""T11"", ""T16"", ""T6"", ""T14"", ""T1""]","[""F23"", ""F16"", ""F14"", ""F12""]"
DGAC1B9EBBAFC0,G1,T6,"[""T6"", ""T11"", ""T1"", ""T14"", ""T16""]","[""F7"", ""F24"", ""F19"", ""F8"", ""F5"", ""F18""]"
DG6B37531B633B,G0,T0,"[""T0"", ""T13"", ""T11"", ""T17"", ""T1""]","[""F21"", ""F9""]"
DG6B37531B633B,G1,T13,"[""T13"", ""T0"", ""T17"", ""T11"", ""T1""]","[""F2"", ""F20"", ""F17"", ""F13"", ""F9""]"
DG4A74D20BBB1E,G0,T6,"[""T6"", ""T7"", ""T18"", ""T21"", ""T25""]","[""F26"", ""F23"", ""F7"", ""F28""]"
DG4A74D20BBB1E,G2,T21,"[""T21"", ""T7"", ""T6"", ""T18"", ""T25""]","[""F23"", ""F19"", ""F1"", ""F17"", ""F12""]"
DG4A74D20BBB1E,G1,T7,"[""T7"", ""T6"", ""T21"", ""T18"", ""T25""]","[""F28""]"
DG34BEBC5C87B1,G0,T18,"[""T18"", ""T14"", ""T12"", ""T1"", ""T8""]","[""F14"", ""F6"", ""F13"", ""F3"", ""F29"", ""F22"", ""F34""]"
DG34BEBC5C87B1,G1,T1,"[""T1"", ""T14"", ""T18"", ""T12"", ""T8""]","[""F14"", ""F3"", ""F26""]"
DG34BEBC5C87B1,G2,T14,"[""T14"", ""T1"", ""T18"", ""T12"", ""T16""]","[""F3"", ""F19""]"
DG425BB6805286,G0,T5,"[""T5"", ""T0"", ""T11"", ""T15"", ""T10""]","[""F15"", ""F9"", ""F10"", ""F22"", ""F1"", ""F17""]"
DG425BB6805286,G2,T0,"[""T0"", ""T5"", ""T11"", ""T15"", ""T12""]","[""F15"", ""F8"", ""F27"", ""F18"", ""F14"", ""F9"", ""F10"", ""F5"", ""F4"", ""F1"", ""F17""]"
DG425BB6805286,G1,T11,"[""T11"", ""T5"", ""T0"", ""T15"", ""T12""]","[""F15"", ""F8"", ""F29"", ""F27"", ""F14"", ""F9"", ""F10"", ""F5"", ""F4"", ""F22"", ""F1"", ""F17""]"
DG3679F4015473,G1,T2,"[""T2"", ""T3"", ""T13"", ""T1"", ""T10""]","[""F25"", ""F26"", ""F7"", ""F18"", ""F5"", ""F14"", ""F9"", ""F23"", ""F22"", ""F21"", ""F2"", ""F6"", ""F4"", ""F19"", ""F29""]"
DG3679F4015473,G0,T3,"[""T3"", ""T2"", ""T4"", ""T14"", ""T10""]",[]
DG97E911B9F453,G0,T9,"[""T9"", ""T3"", ""T16"", ""T12"", ""T0""]","[""F8"", ""F19"", ""F14"", ""F23""]"
DGCCFF3578382B,G0,T19,"[""T19"", ""T9"", ""T17"", ""T3"", ""T11""]","[""F13"", ""F27"", ""F28""]"
DGCCFF3578382B,G1,T9,"[""T9"", ""T19"", ""T17"", ""T11"", ""T3""]",[]
DG42A945796528,G0,T5,"[""T5"", ""T8"", ""T3"", ""T11"", ""T7""]","[""F3""]"
DG3CC5669B8001,G0,T9,"[""T9"", ""T0"", ""T17"", ""T15"", ""T8""]","[""F5"", ""F27"", ""F6"", ""F21"", ""F3"", ""F8"", ""F16"", ""F24"", ""F1""]"
DG3CC5669B8001,G1,T0,"[""T0"", ""T9"", ""T15"", ""T8"", ""T17""]","[""F27"", ""F6"", ""F2"", ""F3"", ""F8"", ""F16"", ""F12"", ""F11"", ""F1""]"
DG3CC5669B8001,G2,T8,"[""T8"", ""T0"", ""T15"", ""T9"", ""T17""]","[""F5"", ""F27"", ""F2"", ""F21"", ""F3"", ""F8"", ""F24"", ""F11"", ""F1""]"
DG7AA8A7BDE9E6,G1,T7,"[""T7"", ""T19"", ""T14"", ""T2"", ""T11""]","[""F15"", ""F8"", ""F3""]"
DG7AA8A7BDE9E6,G2,T19,"[""T19"", ""T7"", ""T16"", ""T11"", ""T14""]","[""F25""]"
DG7AA8A7BDE9E6,G0,T16,"[""T16"", ""T7"", ""T19"", ""T14"", ""T11""]","[""F25"", ""F4"", ""F16"", ""F8"", ""F6"", ""F21""]"
DG82C6B92B6A36,G0,T9,"[""T9"", ""T19"", ""T13"", ""T3"", ""T17""]",[]
DG82C6B92B6A36,G1,T19,"[""T19"", ""T9"", ""T3"", ""T13"", ""T17""]",[]
DG7D6CAC6A7797,G0,T9,"[""T9"", ""T5"", ""T11"", ""T12"", ""T2""]","[""F7"", ""F15"", ""F13""]"
DG7D6CAC6A7797,G1,T5,"[""T5"", ""T11"", ""T9"", ""T3"", ""T20""]","[""F9""]"
DGE731E80085F9,G1,T6,"[""T6"", ""T17"", ""T3"", ""T26"", ""T13""]","[""F35"", ""F2"", ""F30"", ""F21"", ""F32"", ""F16""]"
DGE731E80085F9,G2,T3,"[""T3"", ""T17"", ""T6"", ""T13"", ""T26""]","[""F1"", ""F35"", ""F3"", ""F30"", ""F21"", ""F32"", ""F16""]"
DGE731E80085F9,G0,T17,"[""T17"", ""T16"", ""T3"", ""T26"", ""T6""]","[""F35"", ""F18"", ""F30"", ""F11""]"
DG7258CB7BE1F1,G0,T0,"[""T0"", ""T10"", ""T6"", ""T4"", ""T11""]",[]
DGAC7CB817CAAC,G1,T5,"[""T5"", ""T9"", ""T17"", ""T20"", ""T4""]","[""F14"", ""F6"", ""F3"", ""F24"", ""F16"", ""F22"", ""F29"", ""F26""]"
DGAC7CB817CAAC,G0,T9,"[""T9"", ""T5"", ""T20"", ""T17"", ""T4""]","[""F4"", ""F20"", ""F3"", ""F22"", ""F29"", ""F8""]"
DGAC7CB817CAAC,G2,T17,"[""T17"", ""T5"", ""T9"", ""T20"", ""T4""]","[""F21"", ""F6"", ""F3"", ""F9"", ""F24"", ""F22"", ""F26"", ""F8""]"
DGFF7FDE789784,G0,T10,"[""T10"", ""T19"", ""T15"", ""T22"", ""T6""]","[""F6"", ""F18"", ""F7"", ""F12"", ""F20""]"
DGFF7FDE789784,G1,T19,"[""T19"", ""T15"", ""T10"", ""T16"", ""T22""]","[""F27"", ""F24"", ""F16"", ""F6"", ""F7"", ""F12"", ""F20"", ""F4""]"
DGFF7FDE789784,G2,T15,"[""T15"", ""T10"", ""T19"", ""T2"", ""T13""]","[""F6"", ""F13"", ""F7"", ""F12"", ""F20"", ""F4""]"
DG6F86BED7DCFE,G0,T6,"[""T6"", ""T4"", ""T15"", ""T11"", ""T10""]","[""F1"", ""F5"", ""F10""]"
DG0E799BFC8DE4,G0,T12,"[""T12"", ""T5"", ""T18"", ""T16"", ""T2""]","[""F4"", ""F12"", ""F3"", ""F11"", ""F13"", ""F10"", ""F7"", ""F15"", ""F16""]"
DG0E799BFC8DE4,G1,T5,"[""T5"", ""T12"", ""T18"", ""T17"", ""T2""]","[""F18"", ""F1"", ""F5""]"
DG3FB04F69BD89,G0,T9,"[""T9"", ""T4"", ""T10"", ""T5"", ""T17""]","[""F3"", ""F17"", ""F7"", ""F19""]"
DG02E738C8EA48,G0,T7,"[""T7"", ""T12"", ""T15"", ""T8"", ""T6""]","[""F8"", ""F9"", ""F18"", ""F13"", ""F15"", ""F6""]"
DG8DE5A23863B4,G0,T3,"[""T3"", ""T6"", ""T1"", ""T9"", ""T12""]","[""F8"", ""F7"", ""F9"", ""F14"", ""F15""]"
DG75A2C2734274,G0,T7,"[""T7"", ""T11"", ""T8"", ""T3"", ""T4""]","[""F26"", ""F3"", ""F4"", ""F1"", ""F19"", ""F9"", ""F27"", ""F20"", ""F17"", ""F8"", ""F10"", ""F22"", ""F2""]"
DG75A2C2734274,G1,T11,"[""T11"", ""T7"", ""T4"", ""T3"", ""T13""]","[""F5"", ""F6"", ""F11""]"
DG57EEE6D4B826,G0,T12,"[""T12"", ""T20"", ""T2"", ""T21"", ""T1""]",[]
DG57EEE6D4B826,G1,T2,"[""T2"", ""T20"", ""T12"", ""T21"", ""T1""]","[""F1"", ""F16""]"
DG57EEE6D4B826,G2,T20,"[""T20"", ""T12"", ""T2"", ""T21"", ""T1""]",[]
DG564678E25E5C,G0,T7,"[""T7"", ""T8"", ""T14"", ""T11"", ""T5""]","[""F7"", ""F5"", ""F8""]"
DGBE9FF0D02982,G0,T12,"[""T12"", ""T4"", ""T14"", ""T11"", ""T10""]","[""F12"", ""F21""]"
DGCC258E511477,G0,T3,"[""T3"", ""T6"", ""T19"", ""T5"", ""T1""]","[""F25"", ""F2"", ""F24"", ""F1""]"
DGCC258E511477,G2,T6,"[""T6"", ""T19"", ""T3"", ""T1"", ""T5""]","[""F30"", ""F22"", ""F11"", ""F24"", ""F26"", ""F7"", ""F5"", ""F1""]"
DGCC258E511477,G1,T19,"[""T19"", ""T6"", ""T3"", ""T5"", ""T1""]","[""F2"", ""F10""]"
DGEDFDC001720D,G1,T4,"[""T4"", ""T9"", ""T6"", ""T11"", ""T2""]","[""F19"", ""F7"", ""F26"", ""F13"", ""F4""]"
DGEDFDC001720D,G0,T9,"[""T9"", ""T4"", ""T6"", ""T11"", ""T5""]","[""F26""]"
DG0F9610F2B6E6,G1,T20,"[""T20"", ""T10"", ""T1"", ""T0"", ""T9""]","[""F32"", ""F4"", ""F21""]"
DG0F9610F2B6E6,G0,T10,"[""T10"", ""T20"", ""T1"", ""T0"", ""T11""]","[""F30"", ""F3"", ""F5"", ""F13"", ""F0"", ""F14"", ""F1"", ""F8"", ""F6"", ""F18"", ""F33""]"
DG0F9610F2B6E6,G2,T1,"[""T1"", ""T20"", ""T10"", ""T0"", ""T9""]","[""F11"", ""F32"", ""F18"", ""F22"", ""F9"", ""F21"", ""F33""]"
DGF2A81E0F86EC,G1,T14,"[""T14"", ""T11"", ""T7"", ""T13"", ""T5""]","[""F5"", ""F9"", ""F15"", ""F18"", ""F17""]"
DGF2A81E0F86EC,G0,T11,"[""T11"", ""T14"", ""T7"", ""T2"", ""T13""]","[""F5"", ""F2"", ""F0"", ""F20"", ""F9"", ""F15"", ""F18"", ""F17""]"
DGE8F27FAF8E1E,G1,T5,"[""T5"", ""T6"", ""T7"", ""T17"", ""T15""]","[""F21"", ""F0"", ""F11"", ""F22"", ""F26"", ""F5"", ""F23""]"
DGE8F27FAF8E1E,G0,T6,"[""T6"", ""T1"", ""T7"", ""T17"", ""T15""]","[""F15"", ""F3"", ""F27"", ""F7"", ""F13"", ""F28"", ""F4""]"
DGCB19EA4A3EA5,G0,T13,"[""T13"", ""T9"", ""T3"", ""T0"", ""T11""]","[""F28"", ""F5"", ""F7""]"
DGCB19EA4A3EA5,G2,T9,"[""T9"", ""T0"", ""T3"", ""T13"", ""T10""]","[""F20"", ""F28"", ""F6"", ""F24"", ""F19"", ""F7""]"
DGCB19EA4A3EA5,G1,T0,"[""T0"", ""T9"", ""T13"", ""T3"", ""T10""]","[""F28"", ""F11"", ""F2"", ""F7""]"
DG784C916DAE4B,G2,T13,"[""T13"", ""T2"", ""T6"", ""T14"", ""T5""]","[""F11"", ""F28"", ""F26"", ""F4"", ""F0"", ""F30""]"
DG784C916DAE4B,G1,T2,"[""T2"", ""T13"", ""T6"", ""T5"", ""T14""]","[""F17"", ""F9"", ""F13"", ""F5"", ""F18"", ""F27"", ""F23"", ""F8"", ""F20"", ""F16"", ""F22""]"
DG784C916DAE4B,G0,T14,"[""T14"", ""T13"", ""T5"", ""T2"", ""T6""]","[""F11"", ""F28"", ""F14"", ""F26"", ""F4"", ""F30""]"
DGFE0524183126,G1,T17,"[""T17"", ""T5"", ""T15"", ""T4"", ""T11""]","[""F14"", ""F0"", ""F16"", ""F1""]"
DGFE0524183126,G0,T0,"[""T0"", ""T17"", ""T13"", ""T5"", ""T11""]",[]
DG4F83C816E132,G0,T12,"[""T12"", ""T10"", ""T5"", ""T15"", ""T19""]","[""F14"", ""F12""]"
DG4F83C816E132,G1,T10,"[""T10"", ""T12"", ""T15"", ""T5"", ""T16""]","[""F3""]"
DG716D0C364876,G0,T12,"[""T12"", ""T16"", ""T1"", ""T18"", ""T4""]","[""F16"", ""F6"", ""F14""]"
DG6636ACC23CC5,G2,T12,"[""T12"", ""T5"", ""T25"", ""T18"", ""T6""]","[""F7"", ""F10"", ""F15"", ""F12"", ""F30"", ""F1"", ""F18"", ""F31"", ""F5"", ""F22"", ""F20""]"
DG6636ACC23CC5,G0,T25,"[""T25"", ""T5"", ""T12"", ""T18"", ""T2""]","[""F34"", ""F19"", ""F6"", ""F30"", ""F9"", ""F20""]"
DG6636ACC23CC5,G1,T5,"[""T5"", ""T12"", ""T25"", ""T18"", ""T2""]","[""F7"", ""F15"", ""F6"", ""F28"", ""F30"", ""F9"", ""F2"", ""F31"", ""F20""]"
DGCABD6A605D48,G1,T6,"[""T6"", ""T10"", ""T17"", ""T11"", ""T4""]","[""F15"", ""F21"", ""F17""]"
DGCABD6A605D48,G2,T10,"[""T10"", ""T17"", ""T11"", ""T4"", ""T16""]","[""F10"", ""F27"", ""F26"", ""F8"", ""F23"", ""F3"", ""F13"", ""F4""]"
DGCABD6A605D48,G0,T17,"[""T17"", ""T10"", ""T11"", ""T4"", ""T19""]","[""F26"", ""F8"", ""F3"", ""F17"", ""F13"", ""F4""]"
DG77136C30DA27,G1,T9,"[""T9"", ""T21"", ""T27"", ""T13"", ""T11""]","[""F20"", ""F13"", ""F0"", ""F23"", ""F21"", ""F1"", ""F25"", ""F16"", ""F26"", ""F12"", ""F14""]"
DG77136C30DA27,G0,T27,"[""T27"", ""T21"", ""T9"", ""T13"", ""T19""]","[""F0"", ""F21""]"
DG77136C30DA27,G2,T21,"[""T21"", ""T9"", ""T27"", ""T13"", ""T19""]","[""F10"", ""F5"", ""F4""]"
DG8CE210491C29,G0,T13,"[""T13"", ""T24"", ""T3"", ""T20"", ""T18""]","[""F16"", ""F1"", ""F14"", ""F15"", ""F26"", ""F5""]"
DG8CE210491C29,G2,T3,"[""T3"", ""T13"", ""T24"", ""T20"", ""T18""]","[""F9"", ""F22"", ""F25"", ""F12"", ""F2""]"
DG8CE210491C29,G1,T24,"[""T24"", ""T3"", ""T20"", ""T13"", ""T0""]","[""F22"", ""F25""]"
DG7A97F4895FF1,G0,T2,"[""T2"", ""T5"", ""T6"", ""T17"", ""T11""]","[""F3"", ""F18"", ""F10"", ""F14""]"
DG7A97F4895FF1,G1,T5,"[""T5"", ""T2"", ""T11"", ""T17"", ""T3""]",[]
DG385B74450879,G0,T11,"[""T11"", ""T14"", ""T13"", ""T3"", ""T5""]",[]
DG385B74450879,G1,T14,"[""T14"", ""T10"", ""T15"", ""T16"", ""T5""]","[""F6"", ""F18"", ""F12"", ""F19"", ""F20""]"
DGB0E8D39D6FFC,G1,T2,"[""T2"", ""T10"", ""T4"", ""T16"", ""T12""]","[""F25"", ""F4"", ""F7"", ""F22"", ""F24"", ""F15""]"
DGB0E8D39D6FFC,G0,T10,"[""T10"", ""T2"", ""T4"", ""T16"", ""T1""]","[""F16"", ""F7"", ""F23"", ""F24"", ""F15"", ""F5""]"
DG511BA04E9D06,G0,T17,"[""T17"", ""T1"", ""T5"", ""T9"", ""T10""]",[]
DG511BA04E9D06,G1,T5,"[""T5"", ""T1"", ""T17"", ""T18"", ""T9""]",[]
DG511BA04E9D06,G2,T1,"[""T1"", ""T17"", ""T5"", ""T9"", ""T10""]",[]
DG6B3E04B363C9,G0,T9,"[""T9"", ""T2"", ""T3"", ""T6"", ""T0""]","[""F13"", ""F3"", ""F28"", ""F23"", ""F1"", ""F21"", ""F6""]"
DG6B3E04B363C9,G2,T2,"[""T2"", ""T3"", ""T11"", ""T7"", ""T6""]","[""F12"", ""F28"", ""F32"", ""F23"", ""F1"", ""F29"", ""F9"", ""F6""]"
DG6B3E04B363C9,G1,T3,"[""T3"", ""T2"", ""T9"", ""T11"", ""T0""]","[""F3"", ""F12"", ""F28"", ""F23"", ""F1"", ""F21"", ""F6""]"
DGE0D0A5F99211,G0,T0,"[""T0"", ""T11"", ""T20"", ""T17"", ""T5""]","[""F16"", ""F17"", ""F9"", ""F7"", ""F22"", ""F29"", ""F27"", ""F1"", ""F30""]"
DGE0D0A5F99211,G2,T11,"[""T11"", ""T20"", ""T0"", ""T17"", ""T5""]","[""F16"", ""F17"", ""F28"", ""F14"", ""F7"", ""F22"", ""F29"", ""F1"", ""F20"", ""F21"", ""F33""]"
DGE0D0A5F99211,G1,T20,"[""T20"", ""T11"", ""T0"", ""T17"", ""T4""]","[""F16"", ""F17"", ""F28"", ""F9"", ""F26"", ""F7"", ""F22"", ""F29"", ""F27"", ""F1"", ""F30"", ""F20"", ""F21"", ""F33"", ""F3""]"
DG35631B0B3441,G1,T10,"[""T10"", ""T8"", ""T18"", ""T16"", ""T19""]","[""F25"", ""F9"", ""F10"", ""F8"", ""F20"", ""F21"", ""F16"", ""F6""]"
DG35631B0B3441,G0,T18,"[""T18"", ""T10"", ""T8"", ""T16"", ""T19""]",[]
DGDF3CA15618A6,G1,T9,"[""T9"", ""T10"", ""T7"", ""T17"", ""T18""]","[""F7"", ""F15"", ""F20"", ""F17"", ""F2"", ""F21"", ""F23"", ""F5"", ""F16"", ""F4""]"
DGDF3CA15618A6,G0,T10,"[""T10"", ""T9"", ""T18"", ""T5"", ""T7""]","[""F1"", ""F3"", ""F0"", ""F19"", ""F10"", ""F13"", ""F12"", ""F6""]"
DGF3E6BBCE1755,G0,T19,"[""T19"", ""T11"", ""T8"", ""T21"", ""T13""]","[""F36"", ""F17"", ""F11"", ""F8"", ""F13"", ""F31"", ""F0"", ""F25"", ""F2""]"
DGF3E6BBCE1755,G2,T11,"[""T11"", ""T19"", ""T8"", ""T21"", ""T13""]","[""F36"", ""F19"", ""F26"", ""F17"", ""F11"", ""F8"", ""F4"", ""F31"", ""F0"", ""F7"", ""F25"", ""F2""]"
DGF3E6BBCE1755,G1,T8,"[""T8"", ""T11"", ""T19"", ""T21"", ""T13""]","[""F36"", ""F17"", ""F11"", ""F22"", ""F27"", ""F10"", ""F13"", ""F4"", ""F0"", ""F7"", ""F25"", ""F2""]"
DG6EFAF812579D,G0,T9,"[""T9"", ""T0"", ""T5"", ""T8"", ""T10""]","[""F19"", ""F5"", ""F11"", ""F15"", ""F6""]"
DG6EFAF812579D,G1,T5,"[""T5"", ""T9"", ""T0"", ""T10"", ""T6""]","[""F19"", ""F23"", ""F15"", ""F17"", ""F21"", ""F6""]"
DG895E44D68BA4,G0,T11,"[""T11"", ""T1"", ""T3"", ""T16"", ""T8""]",[]
DG6CB8CE6068BF,G1,T15,"[""T15"", ""T11"", ""T1"", ""T8"", ""T2""]","[""F16"", ""F23"", ""F1"", ""F15"", ""F3"", ""F10"", ""F0""]"
DG6CB8CE6068BF,G0,T11,"[""T11"", ""T15"", ""T0"", ""T12"", ""T5""]","[""F16"", ""F23"", ""F13"", ""F3"", ""F10"", ""F22"", ""F4"", ""F5"", ""F0"", ""F7""]"
DGFF892A4E6E33,G0,T21,"[""T21"", ""T2"", ""T25"", ""T27"", ""T3""]","[""F20"", ""F2"", ""F1""]"
DGFF892A4E6E33,G2,T2,"[""T2"", ""T25"", ""T21"", ""T13"", ""T27""]",[]
DGFF892A4E6E33,G1,T25,"[""T25"", ""T2"", ""T21"", ""T27"", ""T3""]","[""F17"", ""F8""]"
DG3CA3AA7BD97E,G1,T9,"[""T9"", ""T2"", ""T19"", ""T10"", ""T16""]",[]
DG3CA3AA7BD97E,G0,T2,"[""T2"", ""T9"", ""T19"", ""T6"", ""T12""]",[]
DGA40667F35653,G0,T7,"[""T7"", ""T1"", ""T16"", ""T2"", ""T9""]","[""F19"", ""F3"", ""F18"", ""F7""]"
DGA40667F35653,G1,T1,"[""T1"", ""T7"", ""T16"", ""T2"", ""T9""]","[""F19"", ""F3"", ""F2"", ""F17"", ""F11"", ""F16""]"
DGDBBF5B6C6EB2,G1,T10,"[""T10"", ""T22"", ""T18"", ""T12"", ""T9""]","[""F3"", ""F13""]"
DGDBBF5B6C6EB2,G0,T12,"[""T12"", ""T15"", ""T9"", ""T4"", ""T20""]","[""F15"", ""F16"", ""F29"", ""F0""]"
DG7E90DC8CD22B,G2,T12,"[""T12"", ""T13"", ""T23"", ""T4"", ""T5""]","[""F4"", ""F10""]"
DG7E90DC8CD22B,G0,T23,"[""T23"", ""T12"", ""T13"", ""T4"", ""T5""]","[""F1""]"
DG7E90DC8CD22B,G1,T5,"[""T5"", ""T12"", ""T4"", ""T23"", ""T13""]","[""F4"", ""F29"", ""F2"", ""F8""]"
DG2459A82997CC,G1,T18,"[""T18"", ""T14"", ""T12"", ""T5"", ""T2""]","[""F18"", ""F28"", ""F25"", ""F14"", ""F3"", ""F2"", ""F8"", ""F23"", ""F29""]"
DG2459A82997CC,G0,T14,"[""T14"", ""T18"", ""T5"", ""T12"", ""T2""]","[""F20"", ""F14"", ""F21"", ""F23""]"
DG103A7A844289,G0,T14,"[""T14"", ""T5"", ""T22"", ""T16"", ""T11""]","[""F19"", ""F27"", ""F12"", ""F4"", ""F16"", ""F6"", ""F26""]"
DG103A7A844289,G1,T5,"[""T5"", ""T14"", ""T22"", ""T16"", ""T11""]","[""F5"", ""F30"", ""F9"", ""F21"", ""F13"", ""F17"", ""F8"", ""F1"", ""F7""]"
DG103A7A844289,G2,T9,"[""T9"", ""T17"", ""T5"", ""T7"", ""T3""]",[]
DG80B1543869B4,G1,T15,"[""T15"", ""T12"", ""T0"", ""T7"", ""T4""]","[""F5"", ""F16"", ""F9"", ""F8"", ""F17"", ""F4"", ""F19""]"
DG80B1543869B4,G0,T12,"[""T12"", ""T15"", ""T7"", ""T4"", ""T0""]","[""F16"", ""F9"", ""F14"", ""F4"", ""F19""]"
DG777B1784ABBE,G0,T12,"[""T12"", ""T10"", ""T11"", ""T8"", ""T5""]",[]
DG8895793D5647,G0,T6,"[""T6"", ""T5"", ""T14"", ""T18"", ""T4""]","[""F5""]"
DGD0FB1AE1E844,G0,T16,"[""T16"", ""T6"", ""T11"", ""T2"", ""T10""]","[""F7"", ""F6""]"
DG262BFCDDF564,G0,T3,"[""T3"", ""T13"", ""T11"", ""T8"", ""T5""]","[""F11"", ""F22"", ""F0"", ""F3"", ""F19"", ""F23""]"
DG262BFCDDF564,G1,T13,"[""T13"", ""T11"", ""T3"", ""T8"", ""T5""]",[]
DG0F4DBBEBCC38,G1,T4,"[""T4"", ""T9"", ""T20"", ""T14"", ""T10""]",[]
DG0F4DBBEBCC38,G0,T9,"[""T9"", ""T4"", ""T14"", ""T20"", ""T10""]","[""F19"", ""F20"", ""F23"", ""F25"", ""F17"", ""F30"", ""F18""]"
DG0F4DBBEBCC38,G2,T7,"[""T7"", ""T9"", ""T16"", ""T10"", ""T23""]","[""F19"", ""F23"", ""F28"", ""F21"", ""F10"", ""F2"", ""F27""]"
DG6DA7E1FBF729,G1,T3,"[""T3"", ""T4"", ""T12"", ""T14"", ""T0""]","[""F16"", ""F24"", ""F8"", ""F13"", ""F25""]"
DG6DA7E1FBF729,G0,T4,"[""T4"", ""T3"", ""T12"", ""T0"", ""T14""]","[""F13""]"
DG3EC2E312D2F7,G0,T15,"[""T15"", ""T16"", ""T0"", ""T12"", ""T7""]","[""F22"", ""F11"", ""F28"", ""F24"", ""F20""]"
DG3EC2E312D2F7,G1,T16,"[""T16"", ""T15"", ""T0"", ""T12"", ""T7""]","[""F7"", ""F3"", ""F6"", ""F0"", ""F24"", ""F9""]"
DGADEDB29F684D,G0,T4,"[""T4"", ""T8"", ""T1"", ""T6"", ""T9""]","[""F9"", ""F11""]"
