dialogue_id,gap_id,selected_turn,ranked_turns,supporting_footprints
DG7D288DA2B858,G1,T8,"[""T8"",""T5"",""T2"",""T4"",""T0""]",[]
DG7D288DA2B858,G0,T5,"[""T5"",""T2"",""T4"",""T0"",""T3""]",[]
DG7D288DA2B858,G2,T2,"[""T2"",""T4"",""T0"",""T3"",""T17""]",[]
DG7E703388C7B7,G1,T1,"[""T1"",""T9"",""T20"",""T10"",""T12""]",[]
DG7E703388C7B7,G0,T9,"[""T9"",""T20"",""T10"",""T12"",""T16""]",[]
DGF946543C32B2,G1,T15,"[""T15"",""T13"",""T5"",""T0"",""T1""]",[]
DGF946543C32B2,G0,T13,"[""T13"",""T5"",""T0"",""T1"",""T8""]",[]
DG64217D7693EF,G0,T5,"[""T5"",""T1"",""T10"",""T2"",""T12""]",[]
DGA151AC027472,G0,T0,"[""T0"",""T17"",""T7"",""T5"",""T10""]",[]
DGA151AC027472,G1,T17,"[""T17"",""T7"",""T5"",""T10"",""T15""]",[]
DGED79AE68E41A,G0,T14,"[""T14"",""T4"",""T11"",""T15"",""T7""]",[]
DGBEB518C05B12,G1,T16,"[""T16"",""T4"",""T3"",""T0"",""T10""]",[]
DGBEB518C05B12,G0,T4,"[""T4"",""T3"",""T0"",""T10"",""T19""]",[]
DG61825ABE094F,G1,T7,"[""T7"",""T11"",""T12"",""T4"",""T9""]",[]
DG61825ABE094F,G0,T11,"[""T11"",""T12"",""T4"",""T9"",""T16""]",[]
DG546B1203E52D,G2,T8,"[""T8"",""T5"",""T18"",""T13"",""T6""]",[]
DG546B1203E52D,G1,T5,"[""T5"",""T18"",""T13"",""T6"",""T7""]",[]
DG546B1203E52D,G0,T18,"[""T18"",""T13"",""T6"",""T7"",""T14""]",[]
DG20BA64E4B478,G1,T1,"[""T1"",""T0"",""T3"",""T13"",""T8""]",[]
DG20BA64E4B478,G0,T0,"[""T0"",""T3"",""T13"",""T8"",""T2""]",[]
DG066234E0FACB,G2,T15,"[""T15"",""T11"",""T12"",""T6"",""T17""]",[]
DG066234E0FACB,G0,T11,"[""T11"",""T12"",""T6"",""T17"",""T7""]",[]
DG066234E0FACB,G1,T12,"[""T12"",""T6"",""T17"",""T7"",""T21""]",[]
DGD7E3B0D084AD,G0,T14,"[""T14"",""T9"",""T11"",""T3"",""T0""]",[]
DGD7E3B0D084AD,G1,T9,"[""T9"",""T11"",""T3"",""T0"",""T18""]",[]
DG3FA4CFA8FFFF,G0,T3,"[""T3"",""T12"",""T11"",""T1"",""T14""]",[]
DG81FD6B4114C5,G1,T16,"[""T16"",""T12"",""T11"",""T7"",""T6""]",[]
DG81FD6B4114C5,G0,T12,"[""T12"",""T11"",""T7"",""T6"",""T3""]",[]
DG0C67DF3FB70A,G0,T7,"[""T7"",""T15"",""T6"",""T13"",""T0""]",[]
DG0C67DF3FB70A,G1,T15,"[""T15"",""T6"",""T13"",""T0"",""T17""]",[]
DG142ADD242621,G0,T11,"[""T11"",""T16"",""T9"",""T7"",""T3""]",[]
DG142ADD242621,G1,T16,"[""T16"",""T9"",""T7"",""T3"",""T20""]",[]
DGCF10D4819E2F,G0,T13,"[""T13"",""T11"",""T1"",""T14"",""T5""]",[]
DG457CC41B5FDE,G1,T19,"[""T19"",""T17"",""T0"",""T12"",""T14""]",[]
DG457CC41B5FDE,G0,T17,"[""T17"",""T0"",""T12"",""T14"",""T11""]",[]
DG06D7512CB486,G0,T10,"[""T10"",""T7"",""T8"",""T5"",""T11""]",[]
DGD7742700B8F5,G1,T19,"[""T19"",""T14"",""T15"",""T10"",""T20""]",[]
DGD7742700B8F5,G0,T14,"[""T14"",""T15"",""T10"",""T20"",""T7""]",[]
DG9F8BEBAE4992,G0,T6,"[""T6"",""T9"",""T12"",""T14"",""T3""]",[]
DG9F8BEBAE4992,G1,T9,"[""T9"",""T12"",""T14"",""T3"",""T7""]",[]
DGB97B134B8E6E,G1,T4,"[""T4"",""T13"",""T1"",""T17"",""T12""]",[]
DGB97B134B8E6E,G0,T13,"[""T13"",""T1"",""T17"",""T12"",""T10""]",[]
DGB8D5A065046F,G1,T9,"[""T9"",""T14"",""T5"",""T2"",""T1""]",[]
DGB8D5A065046F,G0,T14,"[""T14"",""T5"",""T2"",""T1"",""T4""]",[]
DG0325947FE20E,G0,T11,"[""T11"",""T1"",""T3"",""T14"",""T8""]",[]
DG0325947FE20E,G1,T1,"[""T1"",""T3"",""T14"",""T8"",""T0""]",[]
DGD9BD6C264842,G1,T8,"[""T8"",""T3"",""T1"",""T5"",""T11""]",[]
DGD9BD6C264842,G0,T3,"[""T3"",""T1"",""T5"",""T11"",""T4""]",[]
DG458A19C0CB27,G0,T14,"[""T14"",""T9"",""T13"",""T16"",""T17""]",[]
DG95643BAF27D2,G0,T17,"[""T17"",""T12"",""T27"",""T16"",""T25""]",[]
DG95643BAF27D2,G1,T12,"[""T12"",""T27"",""T16"",""T25"",""T24""]",[]
DG95643BAF27D2,G2,T27,"[""T27"",""T16"",""T25"",""T24"",""T5""]",[]
DGB272D2F87F41,G1,T17,"[""T17"",""T12"",""T21"",""T13"",""T16""]",[]
DGB272D2F87F41,G0,T12,"[""T12"",""T21"",""T13"",""T16"",""T2""]",[]
DG37A00E609C1B,G0,T3,"[""T3"",""T17"",""T1"",""T9"",""T13""]",[]
DG37A00E609C1B,G1,T17,"[""T17"",""T1"",""T9"",""T13"",""T18""]",[]
DG9D6393748858,G1,T6,"[""T6"",""T11"",""T4"",""T12"",""T14""]",[]
DG9D6393748858,G0,T11,"[""T11"",""T4"",""T12"",""T14"",""T2""]",[]
DG7D27B07B1145,G0,T4,"[""T4"",""T25"",""T21"",""T22"",""T20""]",[]
DG7D27B07B1145,G2,T25,"[""T25"",""T21"",""T22"",""T20"",""T17""]",[]
DG7D27B07B1145,G1,T21,"[""T21"",""T22"",""T20"",""T17"",""T8""]",[]
DG508382B8D41B,G1,T13,"[""T13"",""T2"",""T18"",""T4"",""T6""]",[]
DG508382B8D41B,G0,T2,"[""T2"",""T18"",""T4"",""T6"",""T8""]",[]
DG508382B8D41B,G2,T18,"[""T18"",""T4"",""T6"",""T8"",""T5""]",[]
DG890DD4781B5D,G0,T5,"[""T5"",""T17"",""T11"",""T15"",""T2""]",[]
DG890DD4781B5D,G1,T17,"[""T17"",""T11"",""T15"",""T2"",""T3""]",[]
DG95973D2D136B,G0,T4,"[""T4"",""T22"",""T6"",""T21"",""T17""]",[]
DG95973D2D136B,G1,T22,"[""T22"",""T6"",""T21"",""T17"",""T1""]",[]
DG95973D2D136B,G2,T6,"[""T6"",""T21"",""T17"",""T1"",""T15""]",[]
DG3160C1BAA20F,G1,T12,"[""T12"",""T22"",""T10"",""T26"",""T9""]",[]
DG3160C1BAA20F,G0,T22,"[""T22"",""T10"",""T26"",""T9"",""T11""]",[]
DG3160C1BAA20F,G2,T10,"[""T10"",""T26"",""T9"",""T11"",""T0""]",[]
DG2E9E35DCA106,G1,T11,"[""T11"",""T9"",""T21"",""T20"",""T24""]",[]
DG2E9E35DCA106,G0,T9,"[""T9"",""T21"",""T20"",""T24"",""T4""]",[]
DG2E9E35DCA106,G2,T21,"[""T21"",""T20"",""T24"",""T4"",""T15""]",[]
DG60368AA79C44,G0,T5,"[""T5"",""T16"",""T9"",""T0"",""T10""]",[]
DG60368AA79C44,G1,T16,"[""T16"",""T9"",""T0"",""T10"",""T6""]",[]
DGCAF2378E03AA,G1,T0,"[""T0"",""T2"",""T12"",""T9"",""T1""]",[]
DGCAF2378E03AA,G0,T2,"[""T2"",""T12"",""T9"",""T1"",""T18""]",[]
DGCAF2378E03AA,G2,T12,"[""T12"",""T9"",""T1"",""T18"",""T16""]",[]
DGEB843BFBB598,G0,T8,"[""T8"",""T21"",""T16"",""T14"",""T26""]",[]
DGEB843BFBB598,G2,T21,"[""T21"",""T16"",""T14"",""T26"",""T1""]",[]
DGEB843BFBB598,G1,T16,"[""T16"",""T14"",""T26"",""T1"",""T0""]",[]
DGFA673992D1AB,G1,T13,"[""T13"",""T2"",""T11"",""T9"",""T18""]",[]
DGFA673992D1AB,G0,T2,"[""T2"",""T11"",""T9"",""T18"",""T3""]",[]
DGF5B62A0EFEBF,G0,T14,"[""T14"",""T4"",""T6"",""T2"",""T0""]",[]
DGB1C0C2D97A51,G0,T10,"[""T10"",""T1"",""T2"",""T14"",""T19""]",[]
DG8E59F6D5682D,G0,T10,"[""T10"",""T0"",""T1"",""T2"",""T11""]",[]
DG8E59F6D5682D,G1,T0,"[""T0"",""T1"",""T2"",""T11"",""T12""]",[]
DGD0B74C3C638B,G1,T13,"[""T13"",""T9"",""T1"",""T14"",""T3""]",[]
DGD0B74C3C638B,G0,T9,"[""T9"",""T1"",""T14"",""T3"",""T0""]",[]
DGB325FD3181AF,G0,T2,"[""T2"",""T10"",""T19"",""T13"",""T5""]",[]
DGB325FD3181AF,G2,T10,"[""T10"",""T19"",""T13"",""T5"",""T14""]",[]
DGB325FD3181AF,G1,T19,"[""T19"",""T13"",""T5"",""T14"",""T6""]",[]
DG12A237BB8CE0,G1,T1,"[""T1"",""T5"",""T2"",""T20"",""T16""]",[]
DG12A237BB8CE0,G2,T5,"[""T5"",""T2"",""T20"",""T16"",""T6""]",[]
DG12A237BB8CE0,G0,T2,"[""T2"",""T20"",""T16"",""T6"",""T8""]",[]
DG25658CC467DE,G1,T2,"[""T2"",""T4"",""T14"",""T13"",""T1""]",[]
DG25658CC467DE,G0,T4,"[""T4"",""T14"",""T13"",""T1"",""T6""]",[]
DG52380248D3AC,G1,T19,"[""T19"",""T11"",""T7"",""T0"",""T3""]",[]
DG52380248D3AC,G0,T11,"[""T11"",""T7"",""T0"",""T3"",""T15""]",[]
DG1A982E908564,G1,T16,"[""T16"",""T11"",""T4"",""T18"",""T8""]",[]
DG1A982E908564,G0,T11,"[""T11"",""T4"",""T18"",""T8"",""T12""]",[]
DG3A9118279A00,G1,T15,"[""T15"",""T7"",""T10"",""T5"",""T19""]",[]
DG3A9118279A00,G0,T7,"[""T7"",""T10"",""T5"",""T19"",""T3""]",[]
DG1C2109C17E3C,G0,T1,"[""T1"",""T3"",""T12"",""T9"",""T5""]",[]
DG4E1DD75A0FBA,G0,T1,"[""T1"",""T11"",""T10"",""T9"",""T2""]",[]
DG4E1DD75A0FBA,G1,T11,"[""T11"",""T10"",""T9"",""T2"",""T6""]",[]
DG1C2A11B26028,G1,T16,"[""T16"",""T14"",""T20"",""T7"",""T6""]",[]
DG1C2A11B26028,G0,T14,"[""T14"",""T20"",""T7"",""T6"",""T19""]",[]
DG8194740D0931,G0,T2,"[""T2"",""T9"",""T3"",""T8"",""T7""]",[]
DGF60628A335C9,G0,T0,"[""T0"",""T6"",""T8"",""T12"",""T3""]",[]
DG3802124D6763,G0,T12,"[""T12"",""T14"",""T10"",""T4"",""T2""]",[]
DGCF272B2E3871,G1,T8,"[""T8"",""T12"",""T6"",""T9"",""T5""]",[]
DGCF272B2E3871,G0,T12,"[""T12"",""T6"",""T9"",""T5"",""T20""]",[]
DG3FF4B0FCDAB4,G2,T24,"[""T24"",""T7"",""T18"",""T6"",""T23""]",[]
DG3FF4B0FCDAB4,G1,T7,"[""T7"",""T18"",""T6"",""T23"",""T21""]",[]
DG3FF4B0FCDAB4,G0,T18,"[""T18"",""T6"",""T23"",""T21"",""T11""]",[]
DGA809C44AB8F8,G0,T8,"[""T8"",""T11"",""T12"",""T3"",""T6""]",[]
DG457B8BD81C34,G0,T7,"[""T7"",""T6"",""T12"",""T11"",""T5""]",[]
DG28F5D4D2FEFC,G1,T1,"[""T1"",""T19"",""T11"",""T20"",""T13""]",[]
DG28F5D4D2FEFC,G0,T19,"[""T19"",""T11"",""T20"",""T13"",""T16""]",[]
DG5E83503045BC,G1,T14,"[""T14"",""T27"",""T2"",""T3"",""T1""]",[]
DG5E83503045BC,G0,T27,"[""T27"",""T2"",""T3"",""T1"",""T20""]",[]
DG5E83503045BC,G2,T2,"[""T2"",""T3"",""T1"",""T20"",""T8""]",[]
DG5270E7287FAA,G0,T3,"[""T3"",""T13"",""T10"",""T1"",""T2""]",[]
DG7B7AB375DA3E,G2,T11,"[""T11"",""T12"",""T6"",""T16"",""T19""]",[]
DG7B7AB375DA3E,G0,T12,"[""T12"",""T6"",""T16"",""T19"",""T15""]",[]
DG7B7AB375DA3E,G1,T6,"[""T6"",""T16"",""T19"",""T15"",""T9""]",[]
DGAFA5757D2627,G0,T14,"[""T14"",""T6"",""T13"",""T4"",""T9""]",[]
DGFE018282C62A,G0,T9,"[""T9"",""T19"",""T12"",""T0"",""T14""]",[]
DGFE018282C62A,G1,T19,"[""T19"",""T12"",""T0"",""T14"",""T1""]",[]
DGFE018282C62A,G2,T12,"[""T12"",""T0"",""T14"",""T1"",""T11""]",[]
DG670343BA2C66,G0,T17,"[""T17"",""T10"",""T4"",""T12"",""T14""]",[]
DG670343BA2C66,G1,T10,"[""T10"",""T4"",""T12"",""T14"",""T3""]",[]
DG9604143A0840,G0,T1,"[""T1"",""T19"",""T8"",""T10"",""T5""]",[]
DG9604143A0840,G1,T19,"[""T19"",""T8"",""T10"",""T5"",""T3""]",[]
DG38C5AE78DC15,G2,T17,"[""T17"",""T4"",""T11"",""T8"",""T1""]",[]
DG38C5AE78DC15,G0,T4,"[""T4"",""T11"",""T8"",""T1"",""T13""]",[]
DG38C5AE78DC15,G1,T11,"[""T11"",""T8"",""T1"",""T13"",""T7""]",[]
DG878F31568218,G0,T16,"[""T16"",""T7"",""T1"",""T3"",""T9""]",[]
DG878F31568218,G1,T7,"[""T7"",""T1"",""T3"",""T9"",""T13""]",[]
DG947A4F806908,G0,T9,"[""T9"",""T10"",""T11"",""T5"",""T7""]",[]
DG947A4F806908,G1,T10,"[""T10"",""T11"",""T5"",""T7"",""T8""]",[]
DG9D549745F248,G1,T14,"[""T14"",""T9"",""T2"",""T16"",""T1""]",[]
DG9D549745F248,G0,T9,"[""T9"",""T2"",""T16"",""T1"",""T17""]",[]
DG88FE449CFE89,G0,T8,"[""T8"",""T13"",""T10"",""T21"",""T17""]",[]
DG88FE449CFE89,G1,T13,"[""T13"",""T10"",""T21"",""T17"",""T19""]",[]
DGE546D219D36A,G1,T3,"[""T3"",""T2"",""T0"",""T15"",""T8""]",[]
DGE546D219D36A,G0,T2,"[""T2"",""T0"",""T15"",""T8"",""T12""]",[]
DG43483D9CD203,G1,T5,"[""T5"",""T10"",""T2"",""T12"",""T11""]",[]
DG43483D9CD203,G0,T10,"[""T10"",""T2"",""T12"",""T11"",""T6""]",[]
DG67B06AA1C71D,G1,T14,"[""T14"",""T9"",""T2"",""T11"",""T4""]",[]
DG67B06AA1C71D,G0,T9,"[""T9"",""T2"",""T11"",""T4"",""T17""]",[]
DGC30EC89CA019,G0,T10,"[""T10"",""T0"",""T9"",""T5"",""T1""]",[]
DGC30EC89CA019,G1,T0,"[""T0"",""T9"",""T5"",""T1"",""T11""]",[]
DG34CA939552FE,G0,T23,"[""T23"",""T14"",""T10"",""T26"",""T7""]",[]
DG34CA939552FE,G2,T14,"[""T14"",""T10"",""T26"",""T7"",""T4""]",[]
DG34CA939552FE,G1,T10,"[""T10"",""T26"",""T7"",""T4"",""T0""]",[]
DGCB7C7A3D30B7,G1,T12,"[""T12"",""T2"",""T18"",""T3"",""T0""]",[]
DGCB7C7A3D30B7,G2,T2,"[""T2"",""T18"",""T3"",""T0"",""T1""]",[]
DGCB7C7A3D30B7,G0,T18,"[""T18"",""T3"",""T0"",""T1"",""T8""]",[]
DG4274B515D9E5,G1,T9,"[""T9"",""T14"",""T11"",""T10"",""T3""]",[]
DG4274B515D9E5,G0,T14,"[""T14"",""T11"",""T10"",""T3"",""T12""]",[]
DG199FF62F95C4,G2,T11,"[""T11"",""T6"",""T12"",""T13"",""T1""]",[]
DG199FF62F95C4,G0,T6,"[""T6"",""T12"",""T13"",""T1"",""T2""]",[]
DG199FF62F95C4,G1,T12,"[""T12"",""T13"",""T1"",""T2"",""T20""]",[]
DG5328FA96D34A,G0,T15,"[""T15"",""T7"",""T4"",""T12"",""T3""]",[]
DG40E42B1FF121,G1,T18,"[""T18"",""T14"",""T0"",""T17"",""T4""]",[]
DG40E42B1FF121,G2,T14,"[""T14"",""T0"",""T17"",""T4"",""T2""]",[]
DG40E42B1FF121,G0,T0,"[""T0"",""T17"",""T4"",""T2"",""T1""]",[]
DGAFED868F6C91,G2,T7,"[""T7"",""T22"",""T1"",""T19"",""T21""]",[]
DGAFED868F6C91,G0,T22,"[""T22"",""T1"",""T19"",""T21"",""T4""]",[]
DGAFED868F6C91,G1,T1,"[""T1"",""T19"",""T21"",""T4"",""T9""]",[]
DGBC5AA8870859,G0,T9,"[""T9"",""T1"",""T13"",""T10"",""T0""]",[]
DGC1EB9AE456C7,G1,T18,"[""T18"",""T3"",""T19"",""T9"",""T4""]",[]
DGC1EB9AE456C7,G0,T3,"[""T3"",""T19"",""T9"",""T4"",""T5""]",[]
DGC1EB9AE456C7,G2,T19,"[""T19"",""T9"",""T4"",""T5"",""T14""]",[]
DG7E3265DA5D2D,G0,T9,"[""T9"",""T4"",""T6"",""T14"",""T2""]",[]
DG7E3265DA5D2D,G1,T4,"[""T4"",""T6"",""T14"",""T2"",""T12""]",[]
DG7E3265DA5D2D,G2,T6,"[""T6"",""T14"",""T2"",""T12"",""T11""]",[]
DGA90DBA1B8FA6,G0,T5,"[""T5"",""T6"",""T11"",""T20"",""T1""]",[]
DGA90DBA1B8FA6,G1,T6,"[""T6"",""T11"",""T20"",""T1"",""T2""]",[]
DGA90DBA1B8FA6,G2,T11,"[""T11"",""T20"",""T1"",""T2"",""T8""]",[]
DG5894DE1B9ECD,G0,T19,"[""T19"",""T12"",""T17"",""T8"",""T2""]",[]
DG5894DE1B9ECD,G1,T12,"[""T12"",""T17"",""T8"",""T2"",""T1""]",[]
DG5894DE1B9ECD,G2,T17,"[""T17"",""T8"",""T2"",""T1"",""T4""]",[]
DG07632F25FF7E,G1,T18,"[""T18"",""T3"",""T2"",""T8"",""T4""]",[]
DG07632F25FF7E,G2,T3,"[""T3"",""T2"",""T8"",""T4"",""T1""]",[]
DG07632F25FF7E,G0,T2,"[""T2"",""T8"",""T4"",""T1"",""T12""]",[]
DG0C0E65DFF740,G0,T10,"[""T10"",""T0"",""T11"",""T17"",""T16""]",[]
DG0C0E65DFF740,G1,T0,"[""T0"",""T11"",""T17"",""T16"",""T18""]",[]
DG799DF5E045B5,G1,T17,"[""T17"",""T9"",""T0"",""T2"",""T24""]",[]
DG799DF5E045B5,G0,T9,"[""T9"",""T0"",""T2"",""T24"",""T11""]",[]
DG799DF5E045B5,G2,T0,"[""T0"",""T2"",""T24"",""T11"",""T19""]",[]
DG5F69F2F0FB42,G0,T10,"[""T10"",""T3"",""T16"",""T5"",""T4""]",[]
DG5F69F2F0FB42,G1,T3,"[""T3"",""T16"",""T5"",""T4"",""T0""]",[]
DGB782515311E7,G0,T5,"[""T5"",""T13"",""T7"",""T23"",""T14""]",[]
DGB782515311E7,G1,T13,"[""T13"",""T7"",""T23"",""T14"",""T1""]",[]
DGB782515311E7,G2,T7,"[""T7"",""T23"",""T14"",""T1"",""T15""]",[]
DG2EDBC68E13CC,G0,T1,"[""T1"",""T9"",""T6"",""T2"",""T11""]",[]
DG2EDBC68E13CC,G1,T9,"[""T9"",""T6"",""T2"",""T11"",""T3""]",[]
DG2DB7356A314B,G1,T3,"[""T3"",""T20"",""T2"",""T15"",""T14""]",[]
DG2DB7356A314B,G0,T20,"[""T20"",""T2"",""T15"",""T14"",""T11""]",[]
DG9839F4D21E18,G1,T16,"[""T16"",""T13"",""T12"",""T2"",""T17""]",[]
DG9839F4D21E18,G0,T13,"[""T13"",""T12"",""T2"",""T17"",""T0""]",[]
DGA97053582BBC,G1,T19,"[""T19"",""T6"",""T4"",""T23"",""T5""]",[]
DGA97053582BBC,G2,T6,"[""T6"",""T4"",""T23"",""T5"",""T12""]",[]
DGA97053582BBC,G0,T4,"[""T4"",""T23"",""T5"",""T12"",""T22""]",[]
DGC9204CD89236,G1,T2,"[""T2"",""T14"",""T8"",""T13"",""T0""]",[]
DGC9204CD89236,G0,T14,"[""T14"",""T8"",""T13"",""T0"",""T16""]",[]
DG2E88963BE91F,G1,T11,"[""T11"",""T18"",""T16"",""T0"",""T5""]",[]
DG2E88963BE91F,G0,T18,"[""T18"",""T16"",""T0"",""T5"",""T1""]",[]
DGB4C4BF8DB8CA,G0,T1,"[""T1"",""T11"",""T10"",""T2"",""T3""]",[]
DGB4C4BF8DB8CA,G1,T11,"[""T11"",""T10"",""T2"",""T3"",""T16""]",[]
DG0376FB11A1A9,G1,T15,"[""T15"",""T1"",""T13"",""T6"",""T7""]",[]
DG0376FB11A1A9,G0,T1,"[""T1"",""T13"",""T6"",""T7"",""T8""]",[]
DGB19B4A62678D,G1,T12,"[""T12"",""T11"",""T14"",""T15"",""T9""]",[]
DGB19B4A62678D,G2,T11,"[""T11"",""T14"",""T15"",""T9"",""T18""]",[]
DGB19B4A62678D,G0,T14,"[""T14"",""T15"",""T9"",""T18"",""T22""]",[]
DG130689A0626D,G1,T1,"[""T1"",""T4"",""T7"",""T15"",""T10""]",[]
DG130689A0626D,G2,T4,"[""T4"",""T7"",""T15"",""T10"",""T19""]",[]
DG130689A0626D,G0,T7,"[""T7"",""T15"",""T10"",""T19"",""T18""]",[]
DG7838C73D7B22,G1,T4,"[""T4"",""T0"",""T19"",""T7"",""T1""]",[]
DG7838C73D7B22,G0,T0,"[""T0"",""T19"",""T7"",""T1"",""T16""]",[]
DG75EA0B6E7FDF,G0,T1,"[""T1"",""T17"",""T7"",""T9"",""T3""]",[]
DG75EA0B6E7FDF,G1,T17,"[""T17"",""T7"",""T9"",""T3"",""T8""]",[]
DG38E20E80C802,G0,T9,"[""T9"",""T11"",""T4"",""T15"",""T5""]",[]
DG38E20E80C802,G1,T11,"[""T11"",""T4"",""T15"",""T5"",""T3""]",[]
DGF76C77FED6C5,G0,T19,"[""T19"",""T8"",""T15"",""T11"",""T4""]",[]
DGF76C77FED6C5,G1,T8,"[""T8"",""T15"",""T11"",""T4"",""T21""]",[]
DG370D621E185D,G0,T14,"[""T14"",""T12"",""T10"",""T20"",""T5""]",[]
DG370D621E185D,G1,T12,"[""T12"",""T10"",""T20"",""T5"",""T15""]",[]
DG5BAD4477F59D,G1,T3,"[""T3"",""T23"",""T6"",""T18"",""T11""]",[]
DG5BAD4477F59D,G0,T23,"[""T23"",""T6"",""T18"",""T11"",""T2""]",[]
DGEB146DD1943B,G0,T0,"[""T0"",""T7"",""T11"",""T8"",""T6""]",[]
DGEAF57F7B8AE8,G0,T7,"[""T7"",""T10"",""T17"",""T19"",""T3""]",[]
DGEAF57F7B8AE8,G1,T10,"[""T10"",""T17"",""T19"",""T3"",""T12""]",[]
DG5255677E1AF0,G1,T2,"[""T2"",""T10"",""T19"",""T16"",""T12""]",[]
DG5255677E1AF0,G0,T10,"[""T10"",""T19"",""T16"",""T12"",""T13""]",[]
DGABFE8F4A4972,G0,T12,"[""T12"",""T24"",""T10"",""T11"",""T21""]",[]
DGABFE8F4A4972,G1,T24,"[""T24"",""T10"",""T11"",""T21"",""T0""]",[]
DGABFE8F4A4972,G2,T10,"[""T10"",""T11"",""T21"",""T0"",""T18""]",[]
DGA06EA5FADED1,G0,T11,"[""T11"",""T15"",""T5"",""T9"",""T10""]",[]
DGA06EA5FADED1,G1,T15,"[""T15"",""T5"",""T9"",""T10"",""T14""]",[]
DG0F341D436B70,G0,T7,"[""T7"",""T11"",""T8"",""T4"",""T1""]",[]
DG49AF5DCFAFC8,G0,T17,"[""T17"",""T8"",""T6"",""T11"",""T5""]",[]
DG49AF5DCFAFC8,G1,T8,"[""T8"",""T6"",""T11"",""T5"",""T7""]",[]
DG067F97B79406,G1,T0,"[""T0"",""T8"",""T19"",""T7"",""T9""]",[]
DG067F97B79406,G0,T8,"[""T8"",""T19"",""T7"",""T9"",""T1""]",[]
DG1184BE7F563F,G1,T19,"[""T19"",""T1"",""T4"",""T10"",""T9""]",[]
DG1184BE7F563F,G0,T1,"[""T1"",""T4"",""T10"",""T9"",""T5""]",[]
DG3C0F3C6A5F43,G0,T4,"[""T4"",""T15"",""T20"",""T22"",""T21""]",[]
DG3C0F3C6A5F43,G1,T15,"[""T15"",""T20"",""T22"",""T21"",""T12""]",[]
DG3C0F3C6A5F43,G2,T20,"[""T20"",""T22"",""T21"",""T12"",""T10""]",[]
DG6446065D189F,G1,T12,"[""T12"",""T4"",""T19"",""T1"",""T3""]",[]
DG6446065D189F,G0,T4,"[""T4"",""T19"",""T1"",""T3"",""T2""]",[]
DG6446065D189F,G2,T19,"[""T19"",""T1"",""T3"",""T2"",""T18""]",[]
DG4EAEBB659CE0,G1,T11,"[""T11"",""T3"",""T22"",""T1"",""T13""]",[]
DG4EAEBB659CE0,G0,T3,"[""T3"",""T22"",""T1"",""T13"",""T5""]",[]
DG233055512D74,G0,T7,"[""T7"",""T14"",""T10"",""T15"",""T13""]",[]
DG233055512D74,G1,T14,"[""T14"",""T10"",""T15"",""T13"",""T1""]",[]
DGC29E14BC9C78,G0,T10,"[""T10"",""T17"",""T1"",""T6"",""T11""]",[]
DG923BA00DBB7C,G2,T14,"[""T14"",""T8"",""T20"",""T4"",""T3""]",[]
DG923BA00DBB7C,G0,T8,"[""T8"",""T20"",""T4"",""T3"",""T22""]",[]
DG923BA00DBB7C,G1,T20,"[""T20"",""T4"",""T3"",""T22"",""T21""]",[]
DG13CB37C2EE24,G0,T17,"[""T17"",""T9"",""T20"",""T13"",""T10""]",[]
DG13CB37C2EE24,G1,T9,"[""T9"",""T20"",""T13"",""T10"",""T7""]",[]
DG330F63E10996,G1,T16,"[""T16"",""T1"",""T8"",""T2"",""T14""]",[]
DG330F63E10996,G0,T1,"[""T1"",""T8"",""T2"",""T14"",""T9""]",[]
DG2A2C41E3E63C,G0,T4,"[""T4"",""T8"",""T16"",""T15"",""T0""]",[]
DG07FE3D169218,G2,T15,"[""T15"",""T3"",""T1"",""T13"",""T18""]",[]
DG07FE3D169218,G1,T3,"[""T3"",""T1"",""T13"",""T18"",""T11""]",[]
DG07FE3D169218,G0,T1,"[""T1"",""T13"",""T18"",""T11"",""T24""]",[]
DG5684949F1DDF,G0,T11,"[""T11"",""T24"",""T26"",""T16"",""T0""]",[]
DG5684949F1DDF,G2,T24,"[""T24"",""T26"",""T16"",""T0"",""T9""]",[]
DG5684949F1DDF,G1,T26,"[""T26"",""T16"",""T0"",""T9"",""T18""]",[]
DG4ED8FB95E167,G1,T8,"[""T8"",""T7"",""T15"",""T10"",""T14""]",[]
DG4ED8FB95E167,G0,T7,"[""T7"",""T15"",""T10"",""T14"",""T12""]",[]
DG4448CFFBB108,G0,T7,"[""T7"",""T0"",""T14"",""T17"",""T15""]",[]
DG4448CFFBB108,G1,T0,"[""T0"",""T14"",""T17"",""T15"",""T4""]",[]
DG4448CFFBB108,G2,T14,"[""T14"",""T17"",""T15"",""T4"",""T13""]",[]
DG973946488F8F,G1,T6,"[""T6"",""T16"",""T12"",""T7"",""T0""]",[]
DG973946488F8F,G0,T16,"[""T16"",""T12"",""T7"",""T0"",""T2""]",[]
DGF26748E84E09,G1,T15,"[""T15"",""T5"",""T9"",""T13"",""T7""]",[]
DGF26748E84E09,G0,T5,"[""T5"",""T9"",""T13"",""T7"",""T16""]",[]
DG271195847081,G0,T7,"[""T7"",""T10"",""T1"",""T8"",""T4""]",[]
DG76DE5665B8F5,G1,T1,"[""T1"",""T14"",""T0"",""T2"",""T7""]",[]
DG76DE5665B8F5,G0,T14,"[""T14"",""T0"",""T2"",""T7"",""T8""]",[]
DG76DE5665B8F5,G2,T0,"[""T0"",""T2"",""T7"",""T8"",""T23""]",[]
DG0F5F03284C9A,G0,T4,"[""T4"",""T8"",""T1"",""T12"",""T11""]",[]
DG0F5F03284C9A,G1,T8,"[""T8"",""T1"",""T12"",""T11"",""T2""]",[]
DGDEBD9AFDE356,G2,T2,"[""T2"",""T9"",""T6"",""T8"",""T5""]",[]
DGDEBD9AFDE356,G1,T9,"[""T9"",""T6"",""T8"",""T5"",""T3""]",[]
DGDEBD9AFDE356,G0,T6,"[""T6"",""T8"",""T5"",""T3"",""T7""]",[]
DG96D35C538028,G0,T12,"[""T12"",""T9"",""T6"",""T7"",""T11""]",[]
DG96D35C538028,G1,T9,"[""T9"",""T6"",""T7"",""T11"",""T5""]",[]
DGBF19FA20C856,G1,T4,"[""T4"",""T25"",""T14"",""T9"",""T21""]",[]
DGBF19FA20C856,G2,T25,"[""T25"",""T14"",""T9"",""T21"",""T22""]",[]
DGBF19FA20C856,G0,T14,"[""T14"",""T9"",""T21"",""T22"",""T13""]",[]
DG8CDEF443C5CB,G0,T13,"[""T13"",""T1"",""T4"",""T17"",""T6""]",[]
DGF7026268E7A2,G0,T0,"[""T0"",""T3"",""T5"",""T1"",""T2""]",[]
DGA1C7A68B82EF,G0,T7,"[""T7"",""T8"",""T2"",""T15"",""T18""]",[]
DGA1C7A68B82EF,G1,T8,"[""T8"",""T2"",""T15"",""T18"",""T19""]",[]
DG549D39BE1976,G0,T11,"[""T11"",""T7"",""T10"",""T15"",""T14""]",[]
DG026D65876F96,G1,T4,"[""T4"",""T14"",""T1"",""T9"",""T17""]",[]
DG026D65876F96,G0,T14,"[""T14"",""T1"",""T9"",""T17"",""T11""]",[]
DG02EC0E32C885,G0,T0,"[""T0"",""T1"",""T9"",""T19"",""T15""]",[]
DG02EC0E32C885,G1,T1,"[""T1"",""T9"",""T19"",""T15"",""T12""]",[]
DGFF809368B93D,G2,T14,"[""T14"",""T5"",""T7"",""T12"",""T19""]",[]
DGFF809368B93D,G0,T5,"[""T5"",""T7"",""T12"",""T19"",""T16""]",[]
DGFF809368B93D,G1,T7,"[""T7"",""T12"",""T19"",""T16"",""T8""]",[]
DG6AE1E8115B77,G2,T22,"[""T22"",""T20"",""T24"",""T8"",""T1""]",[]
DG6AE1E8115B77,G0,T20,"[""T20"",""T24"",""T8"",""T1"",""T7""]",[]
DG6AE1E8115B77,G1,T24,"[""T24"",""T8"",""T1"",""T7"",""T6""]",[]
DG3F29F6FDC6B1,G2,T2,"[""T2"",""T16"",""T14"",""T9"",""T1""]",[]
DG3F29F6FDC6B1,G0,T16,"[""T16"",""T14"",""T9"",""T1"",""T12""]",[]
DG3F29F6FDC6B1,G1,T14,"[""T14"",""T9"",""T1"",""T12"",""T11""]",[]
DG968D55E0F669,G1,T4,"[""T4"",""T7"",""T18"",""T1"",""T14""]",[]
DG968D55E0F669,G2,T7,"[""T7"",""T18"",""T1"",""T14"",""T9""]",[]
DG968D55E0F669,G0,T18,"[""T18"",""T1"",""T14"",""T9"",""T10""]",[]
DG220BE63A9B0A,G2,T6,"[""T6"",""T23"",""T11"",""T14"",""T12""]",[]
DG220BE63A9B0A,G1,T23,"[""T23"",""T11"",""T14"",""T12"",""T7""]",[]
DG220BE63A9B0A,G0,T11,"[""T11"",""T14"",""T12"",""T7"",""T4""]",[]
DG522F176A1473,G1,T21,"[""T21"",""T8"",""T11"",""T15"",""T20""]",[]
DG522F176A1473,G2,T8,"[""T8"",""T11"",""T15"",""T20"",""T12""]",[]
DG522F176A1473,G0,T11,"[""T11"",""T15"",""T20"",""T12"",""T24""]",[]
DGC0F684D2F955,G1,T13,"[""T13"",""T10"",""T19"",""T14"",""T17""]",[]
DGC0F684D2F955,G0,T10,"[""T10"",""T19"",""T14"",""T17"",""T7""]",[]
DGB896CF4C7E4A,G1,T5,"[""T5"",""T0"",""T10"",""T3"",""T1""]",[]
DGB896CF4C7E4A,G0,T0,"[""T0"",""T10"",""T3"",""T1"",""T14""]",[]
DG2D794C6CE912,G1,T5,"[""T5"",""T9"",""T3"",""T15"",""T2""]",[]
DG2D794C6CE912,G0,T9,"[""T9"",""T3"",""T15"",""T2"",""T14""]",[]
DGFD612C563FB3,G1,T16,"[""T16"",""T3"",""T5"",""T6"",""T17""]",[]
DGFD612C563FB3,G0,T3,"[""T3"",""T5"",""T6"",""T17"",""T13""]",[]
DG7DF049A065F5,G1,T17,"[""T17"",""T1"",""T6"",""T8"",""T9""]",[]
DG7DF049A065F5,G0,T1,"[""T1"",""T6"",""T8"",""T9"",""T15""]",[]
DG7DF049A065F5,G2,T6,"[""T6"",""T8"",""T9"",""T15"",""T12""]",[]
DGAC1B9EBBAFC0,G0,T7,"[""T7"",""T3"",""T22"",""T15"",""T1""]",[]
DGAC1B9EBBAFC0,G2,T3,"[""T3"",""T22"",""T15"",""T1"",""T17""]",[]
DGAC1B9EBBAFC0,G1,T22,"[""T22"",""T15"",""T1"",""T17"",""T21""]",[]
DG6B37531B633B,G0,T0,"[""T0"",""T18"",""T12"",""T15"",""T16""]",[]
DG6B37531B633B,G1,T18,"[""T18"",""T12"",""T15"",""T16"",""T14""]",[]
DG4A74D20BBB1E,G0,T16,"[""T16"",""T20"",""T15"",""T25"",""T2""]",[]
DG4A74D20BBB1E,G2,T20,"[""T20"",""T15"",""T25"",""T2"",""T7""]",[]
DG4A74D20BBB1E,G1,T15,"[""T15"",""T25"",""T2"",""T7"",""T10""]",[]
DG34BEBC5C87B1,G0,T9,"[""T9"",""T19"",""T18"",""T15"",""T3""]",[]
DG34BEBC5C87B1,G1,T19,"[""T19"",""T18"",""T15"",""T3"",""T17""]",[]
DG34BEBC5C87B1,G2,T18,"[""T18"",""T15"",""T3"",""T17"",""T5""]",[]
DG425BB6805286,G0,T3,"[""T3"",""T9"",""T5"",""T7"",""T4""]",[]
DG425BB6805286,G2,T9,"[""T9"",""T5"",""T7"",""T4"",""T16""]",[]
DG425BB6805286,G1,T5,"[""T5"",""T7"",""T4"",""T16"",""T17""]",[]
DG3679F4015473,G1,T15,"[""T15"",""T9"",""T13"",""T5"",""T2""]",[]
DG3679F4015473,G0,T9,"[""T9"",""T13"",""T5"",""T2"",""T7""]",[]
DG97E911B9F453,G0,T5,"[""T5"",""T7"",""T0"",""T16"",""T10""]",[]
DGCCFF3578382B,G0,T20,"[""T20"",""T16"",""T3"",""T11"",""T15""]",[]
DGCCFF3578382B,G1,T16,"[""T16"",""T3"",""T11"",""T15"",""T17""]",[]
DG42A945796528,G0,T14,"[""T14"",""T12"",""T1"",""T15"",""T6""]",[]
DG3CC5669B8001,G0,T21,"[""T21"",""T23"",""T17"",""T5"",""T6""]",[]
DG3CC5669B8001,G1,T23,"[""T23"",""T17"",""T5"",""T6"",""T19""]",[]
DG3CC5669B8001,G2,T17,"[""T17"",""T5"",""T6"",""T19"",""T4""]",[]
DG7AA8A7BDE9E6,G1,T5,"[""T5"",""T4"",""T1"",""T3"",""T16""]",[]
DG7AA8A7BDE9E6,G2,T4,"[""T4"",""T1"",""T3"",""T16"",""T9""]",[]
DG7AA8A7BDE9E6,G0,T1,"[""T1"",""T3"",""T16"",""T9"",""T18""]",[]
DG82C6B92B6A36,G0,T15,"[""T15"",""T1"",""T11"",""T12"",""T7""]",[]
DG82C6B92B6A36,G1,T1,"[""T1"",""T11"",""T12"",""T7"",""T0""]",[]
DG7D6CAC6A7797,G0,T0,"[""T0"",""T13"",""T15"",""T4"",""T14""]",[]
DG7D6CAC6A7797,G1,T13,"[""T13"",""T15"",""T4"",""T14"",""T16""]",[]
DGE731E80085F9,G1,T12,"[""T12"",""T14"",""T2"",""T5"",""T22""]",[]
DGE731E80085F9,G2,T14,"[""T14"",""T2"",""T5"",""T22"",""T21""]",[]
DGE731E80085F9,G0,T2,"[""T2"",""T5"",""T22"",""T21"",""T0""]",[]
DG7258CB7BE1F1,G0,T12,"[""T12"",""T1"",""T15"",""T14"",""T5""]",[]
DGAC7CB817CAAC,G1,T16,"[""T16"",""T12"",""T2"",""T18"",""T13""]",[]
DGAC7CB817CAAC,G0,T12,"[""T12"",""T2"",""T18"",""T13"",""T10""]",[]
DGAC7CB817CAAC,G2,T2,"[""T2"",""T18"",""T13"",""T10"",""T3""]",[]
DGFF7FDE789784,G0,T11,"[""T11"",""T7"",""T22"",""T8"",""T18""]",[]
DGFF7FDE789784,G1,T7,"[""T7"",""T22"",""T8"",""T18"",""T13""]",[]
DGFF7FDE789784,G2,T22,"[""T22"",""T8"",""T18"",""T13"",""T16""]",[]
DG6F86BED7DCFE,G0,T6,"[""T6"",""T10"",""T3"",""T7"",""T0""]",[]
DG0E799BFC8DE4,G0,T6,"[""T6"",""T3"",""T2"",""T4"",""T16""]",[]
DG0E799BFC8DE4,G1,T3,"[""T3"",""T2"",""T4"",""T16"",""T1""]",[]
DG3FB04F69BD89,G0,T10,"[""T10"",""T1"",""T14"",""T3"",""T15""]",[]
DG02E738C8EA48,G0,T11,"[""T11"",""T10"",""T9"",""T5"",""T1""]",[]
DG8DE5A23863B4,G0,T3,"[""T3"",""T1"",""T0"",""T6"",""T11""]",[]
DG75A2C2734274,G0,T12,"[""T12"",""T0"",""T2"",""T6"",""T7""]",[]
DG75A2C2734274,G1,T0,"[""T0"",""T2"",""T6"",""T7"",""T9""]",[]
DG57EEE6D4B826,G0,T20,"[""T20"",""T15"",""T25"",""T14"",""T10""]",[]
DG57EEE6D4B826,G1,T15,"[""T15"",""T25"",""T14"",""T10"",""T11""]",[]
DG57EEE6D4B826,G2,T25,"[""T25"",""T14"",""T10"",""T11"",""T3""]",[]
DG564678E25E5C,G0,T13,"[""T13"",""T2"",""T14"",""T9"",""T1""]",[]
DGBE9FF0D02982,G0,T12,"[""T12"",""T9"",""T11"",""T7"",""T5""]",[]
DGCC258E511477,G0,T9,"[""T9"",""T12"",""T3"",""T18"",""T17""]",[]
DGCC258E511477,G2,T12,"[""T12"",""T3"",""T18"",""T17"",""T21""]",[]
DGCC258E511477,G1,T3,"[""T3"",""T18"",""T17"",""T21"",""T10""]",[]
DGEDFDC001720D,G1,T12,"[""T12"",""T0"",""T5"",""T7"",""T2""]",[]
DGEDFDC001720D,G0,T0,"[""T0"",""T5"",""T7"",""T2"",""T15""]",[]
DG0F9610F2B6E6,G1,T7,"[""T7"",""T18"",""T11"",""T19"",""T13""]",[]
DG0F9610F2B6E6,G0,T18,"[""T18"",""T11"",""T19"",""T13"",""T14""]",[]
DG0F9610F2B6E6,G2,T11,"[""T11"",""T19"",""T13"",""T14"",""T3""]",[]
DGF2A81E0F86EC,G1,T10,"[""T10"",""T15"",""T4"",""T3"",""T13""]",[]
DGF2A81E0F86EC,G0,T15,"[""T15"",""T4"",""T3"",""T13"",""T6""]",[]
DGE8F27FAF8E1E,G1,T1,"[""T1"",""T14"",""T3"",""T4"",""T8""]",[]
DGE8F27FAF8E1E,G0,T14,"[""T14"",""T3"",""T4"",""T8"",""T18""]",[]
DGCB19EA4A3EA5,G0,T10,"[""T10"",""T9"",""T2"",""T5"",""T7""]",[]
DGCB19EA4A3EA5,G2,T9,"[""T9"",""T2"",""T5"",""T7"",""T19""]",[]
DGCB19EA4A3EA5,G1,T2,"[""T2"",""T5"",""T7"",""T19"",""T4""]",[]
DG784C916DAE4B,G2,T8,"[""T8"",""T6"",""T7"",""T9"",""T16""]",[]
DG784C916DAE4B,G1,T6,"[""T6"",""T7"",""T9"",""T16"",""T14""]",[]
DG784C916DAE4B,G0,T7,"[""T7"",""T9"",""T16"",""T14"",""T15""]",[]
DGFE0524183126,G1,T10,"[""T10"",""T7"",""T5"",""T0"",""T3""]",[]
DGFE0524183126,G0,T7,"[""T7"",""T5"",""T0"",""T3"",""T11""]",[]
DG4F83C816E132,G0,T16,"[""T16"",""T10"",""T1"",""T19"",""T7""]",[]
DG4F83C816E132,G1,T10,"[""T10"",""T1"",""T19"",""T7"",""T17""]",[]
DG716D0C364876,G0,T12,"[""T12"",""T4"",""T16"",""T3"",""T7""]",[]
DG6636ACC23CC5,G2,T25,"[""T25"",""T22"",""T17"",""T6"",""T0""]",[]
DG6636ACC23CC5,G0,T22,"[""T22"",""T17"",""T6"",""T0"",""T7""]",[]
DG6636ACC23CC5,G1,T17,"[""T17"",""T6"",""T0"",""T7"",""T23""]",[]
DGCABD6A605D48,G1,T19,"[""T19"",""T4"",""T2"",""T17"",""T14""]",[]
DGCABD6A605D48,G2,T4,"[""T4"",""T2"",""T17"",""T14"",""T9""]",[]
DGCABD6A605D48,G0,T2,"[""T2"",""T17"",""T14"",""T9"",""T16""]",[]
DG77136C30DA27,G1,T6,"[""T6"",""T18"",""T4"",""T15"",""T7""]",[]
DG77136C30DA27,G0,T18,"[""T18"",""T4"",""T15"",""T7"",""T13""]",[]
DG77136C30DA27,G2,T4,"[""T4"",""T15"",""T7"",""T13"",""T17""]",[]
DG8CE210491C29,G0,T24,"[""T24"",""T1"",""T15"",""T18"",""T13""]",[]
DG8CE210491C29,G2,T1,"[""T1"",""T15"",""T18"",""T13"",""T23""]",[]
DG8CE210491C29,G1,T15,"[""T15"",""T18"",""T13"",""T23"",""T2""]",[]
DG7A97F4895FF1,G0,T14,"[""T14"",""T5"",""T0"",""T2"",""T11""]",[]
DG7A97F4895FF1,G1,T5,"[""T5"",""T0"",""T2"",""T11"",""T4""]",[]
DG385B74450879,G0,T21,"[""T21"",""T20"",""T19"",""T3"",""T2""]",[]
DG385B74450879,G1,T20,"[""T20"",""T19"",""T3"",""T2"",""T6""]",[]
DGB0E8D39D6FFC,G1,T6,"[""T6"",""T11"",""T15"",""T12"",""T16""]",[]
DGB0E8D39D6FFC,G0,T11,"[""T11"",""T15"",""T12"",""T16"",""T13""]",[]
DG511BA04E9D06,G0,T12,"[""T12"",""T2"",""T0"",""T13"",""T5""]",[]
DG511BA04E9D06,G1,T2,"[""T2"",""T0"",""T13"",""T5"",""T9""]",[]
DG511BA04E9D06,G2,T0,"[""T0"",""T13"",""T5"",""T9"",""T15""]",[]
DG6B3E04B363C9,G0,T18,"[""T18"",""T16"",""T19"",""T1"",""T20""]",[]
DG6B3E04B363C9,G2,T16,"[""T16"",""T19"",""T1"",""T20"",""T12""]",[]
DG6B3E04B363C9,G1,T19,"[""T19"",""T1"",""T20"",""T12"",""T5""]",[]
DGE0D0A5F99211,G0,T4,"[""T4"",""T9"",""T12"",""T6"",""T13""]",[]
DGE0D0A5F99211,G2,T9,"[""T9"",""T12"",""T6"",""T13"",""T0""]",[]
DGE0D0A5F99211,G1,T12,"[""T12"",""T6"",""T13"",""T0"",""T19""]",[]
DG35631B0B3441,G1,T7,"[""T7"",""T2"",""T15"",""T18"",""T8""]",[]
DG35631B0B3441,G0,T2,"[""T2"",""T15"",""T18"",""T8"",""T4""]",[]
DGDF3CA15618A6,G1,T14,"[""T14"",""T7"",""T11"",""T8"",""T15""]",[]
DGDF3CA15618A6,G0,T7,"[""T7"",""T11"",""T8"",""T15"",""T4""]",[]
DGF3E6BBCE1755,G0,T4,"[""T4"",""T12"",""T22"",""T17"",""T9""]",[]
DGF3E6BBCE1755,G2,T12,"[""T12"",""T22"",""T17"",""T9"",""T16""]",[]
DGF3E6BBCE1755,G1,T22,"[""T22"",""T17"",""T9"",""T16"",""T11""]",[]
DG6EFAF812579D,G0,T11,"[""T11"",""T12"",""T14"",""T10"",""T6""]",[]
DG6EFAF812579D,G1,T12,"[""T12"",""T14"",""T10"",""T6"",""T5""]",[]
DG895E44D68BA4,G0,T4,"[""T4"",""T0"",""T7"",""T15"",""T5""]",[]
DG6CB8CE6068BF,G1,T10,"[""T10"",""T1"",""T3"",""T2"",""T7""]",[]
DG6CB8CE6068BF,G0,T1,"[""T1"",""T3"",""T2"",""T7"",""T9""]",[]
DGFF892A4E6E33,G0,T14,"[""T14"",""T11"",""T13"",""T6"",""T26""]",[]
DGFF892A4E6E33,G2,T11,"[""T11"",""T13"",""T6"",""T26"",""T9""]",[]
DGFF892A4E6E33,G1,T13,"[""T13"",""T6"",""T26"",""T9"",""T7""]",[]
DG3CA3AA7BD97E,G1,T4,"[""T4"",""T10"",""T14"",""T15"",""T8""]",[]
DG3CA3AA7BD97E,G0,T10,"[""T10"",""T14"",""T15"",""T8"",""T17""]",[]
DGA40667F35653,G0,T13,"[""T13"",""T5"",""T12"",""T2"",""T3""]",[]
DGA40667F35653,G1,T5,"[""T5"",""T12"",""T2"",""T3"",""T10""]",[]
DGDBBF5B6C6EB2,G1,T12,"[""T12"",""T0"",""T18"",""T2"",""T6""]",[]
DGDBBF5B6C6EB2,G0,T0,"[""T0"",""T18"",""T2"",""T6"",""T21""]",[]
DG7E90DC8CD22B,G2,T5,"[""T5"",""T10"",""T19"",""T9"",""T7""]",[]
DG7E90DC8CD22B,G0,T10,"[""T10"",""T19"",""T9"",""T7"",""T4""]",[]
DG7E90DC8CD22B,G1,T19,"[""T19"",""T9"",""T7"",""T4"",""T3""]",[]
DG2459A82997CC,G1,T12,"[""T12"",""T15"",""T8"",""T17"",""T18""]",[]
DG2459A82997CC,G0,T15,"[""T15"",""T8"",""T17"",""T18"",""T4""]",[]
DG103A7A844289,G0,T9,"[""T9"",""T11"",""T4"",""T20"",""T2""]",[]
DG103A7A844289,G1,T11,"[""T11"",""T4"",""T20"",""T2"",""T22""]",[]
DG103A7A844289,G2,T4,"[""T4"",""T20"",""T2"",""T22"",""T5""]",[]
DG80B1543869B4,G1,T15,"[""T15"",""T2"",""T3"",""T4"",""T0""]",[]
DG80B1543869B4,G0,T2,"[""T2"",""T3"",""T4"",""T0"",""T16""]",[]
DG777B1784ABBE,G0,T1,"[""T1"",""T6"",""T0"",""T13"",""T7""]",[]
DG8895793D5647,G0,T4,"[""T4"",""T10"",""T18"",""T0"",""T6""]",[]
DGD0FB1AE1E844,G0,T13,"[""T13"",""T12"",""T0"",""T7"",""T9""]",[]
DG262BFCDDF564,G0,T15,"[""T15"",""T6"",""T10"",""T9"",""T7""]",[]
DG262BFCDDF564,G1,T6,"[""T6"",""T10"",""T9"",""T7"",""T14""]",[]
DG0F4DBBEBCC38,G1,T13,"[""T13"",""T5"",""T17"",""T22"",""T9""]",[]
DG0F4DBBEBCC38,G0,T5,"[""T5"",""T17"",""T22"",""T9"",""T10""]",[]
DG0F4DBBEBCC38,G2,T17,"[""T17"",""T22"",""T9"",""T10"",""T11""]",[]
DG6DA7E1FBF729,G1,T15,"[""T15"",""T16"",""T8"",""T18"",""T7""]",[]
DG6DA7E1FBF729,G0,T16,"[""T16"",""T8"",""T18"",""T7"",""T9""]",[]
DG3EC2E312D2F7,G0,T12,"[""T12"",""T17"",""T8"",""T2"",""T7""]",[]
DG3EC2E312D2F7,G1,T17,"[""T17"",""T8"",""T2"",""T7"",""T14""]",[]
DGADEDB29F684D,G0,T13,"[""T13"",""T6"",""T5"",""T3"",""T1""]",[]
